event_name,catalog,version,GPS,mass_1_source,mass_1_source_lower,mass_1_source_upper,mass_2_source,mass_2_source_lower,mass_2_source_upper,total_mass_source,total_mass_source_lower,total_mass_source_upper,final_mass_source,final_mass_source_lower,final_mass_source_upper,chirp_mass_source,chirp_mass_source_lower,chirp_mass_source_upper,luminosity_distance,luminosity_distance_lower,luminosity_distance_upper,redshift,redshift_lower,redshift_upper,network_matched_filter_snr,network_matched_filter_snr_lower,network_matched_filter_snr_upper,chi_eff,chi_eff_lower,chi_eff_upper,far,p_astro,final_spin,final_spin_lower,final_spin_upper,observing_run,energy_radiated
GW150914,GWTC-1-confident,3,1126259462.4,35.6,-3.1,4.7,30.6,-4.4,3.0,,,,63.1,-3.0,3.4,28.6,-1.5,1.7,440.0,-170.0,150.0,0.09,-0.03,0.03,25.2,,,-0.01,-0.13,0.12,1e-07,1.0,,,,O1,
GW150914,GWTC-2.1-confident,4,1126259462.4,34.6,-2.6,4.4,30.0,-4.6,2.9,64.5,-3.2,3.7,61.5,-2.9,3.4,27.9,-1.5,1.7,470.0,-160.0,140.0,0.1,-0.03,0.03,26.0,-0.2,0.1,-0.04,-0.14,0.12,,,,,,O1,3.0
GW151012,GWTC-2.1-confident,4,1128678900.4,24.8,-6.3,14.5,13.6,-4.9,4.5,38.8,-4.7,10.3,37.1,-4.6,10.6,15.6,-1.5,2.3,1000.0,-490.0,640.0,0.2,-0.09,0.11,9.3,-0.5,0.3,0.12,-0.21,0.28,,,,,,O1,1.6999999999999957
GW151012,GWTC-1-confident,3,1128678900.4,23.2,-5.5,14.9,13.6,-4.8,4.1,,,,35.6,-3.8,10.8,15.2,-1.2,2.1,1080.0,-490.0,550.0,0.21,-0.09,0.09,10.0,,,0.05,-0.2,0.31,0.00792,1.0,,,,O1,
GW151226,GWTC-2.1-confident,3,1135136350.6,14.2,-3.6,11.1,7.5,-2.8,2.4,21.7,-1.6,8.3,20.7,-1.6,8.6,8.9,-0.3,0.3,460.0,-200.0,160.0,0.1,-0.04,0.03,12.7,-0.4,0.3,0.2,-0.08,0.23,,,,,,O1,1.0
GW151226,GWTC-1-confident,2,1135136350.6,13.7,-3.2,8.8,7.7,-2.5,2.2,,,,20.5,-1.5,6.4,8.9,-0.3,0.3,450.0,-190.0,180.0,0.09,-0.04,0.04,13.1,,,0.18,-0.12,0.2,1e-07,1.0,,,,O1,
GW170104,GWTC-1-confident,2,1167559936.6,30.8,-5.6,7.3,20.0,-4.6,4.9,,,,48.9,-4.0,5.1,21.4,-1.8,2.2,990.0,-430.0,440.0,0.2,-0.08,0.08,13.0,,,-0.04,-0.21,0.17,1e-07,1.0,,,,O2,
GW170104,GWTC-2.1-confident,3,1167559936.6,28.7,-4.2,6.6,20.8,-4.7,4.1,49.6,-3.6,4.7,47.5,-3.4,4.5,21.1,-1.5,2.0,1110.0,-480.0,390.0,0.22,-0.09,0.07,13.8,-0.3,0.2,-0.04,-0.19,0.15,,,,,,O2,2.1000000000000014
GW170608,GWTC-2.1-confident,4,1180922494.5,10.6,-1.4,4.0,7.8,-1.9,1.2,18.5,-0.6,2.0,17.7,-0.6,2.1,7.9,-0.2,0.2,340.0,-130.0,120.0,0.07,-0.03,0.03,15.3,-0.3,0.2,0.05,-0.05,0.13,,,,,,O2,0.8000000000000007
GW170608,GWTC-1-confident,3,1180922494.5,11.0,-1.7,5.5,7.6,-2.2,1.4,,,,17.8,-0.7,3.4,7.9,-0.2,0.2,320.0,-110.0,120.0,0.07,-0.02,0.02,15.4,,,0.03,-0.07,0.19,1e-07,1.0,,,,O2,
GW170729,GWTC-2.1-confident,2,1185389807.3,54.7,-12.8,12.7,30.2,-10.2,11.9,84.4,-10.9,15.0,80.3,-10.2,13.5,34.6,-5.7,7.0,2490.0,-1230.0,1690.0,0.44,-0.19,0.24,10.7,-0.5,0.4,0.29,-0.33,0.25,,,,,,O2,4.1000000000000085
GW170729,GWTC-1-confident,1,1185389807.3,50.2,-10.2,16.2,34.0,-10.1,9.1,,,,79.5,-10.2,14.7,35.4,-4.8,6.5,2840.0,-1360.0,1400.0,0.49,-0.21,0.19,10.8,,,0.37,-0.25,0.21,0.02,0.98,,,,O2,
GW170809,GWTC-1-confident,1,1186302519.8,35.0,-5.9,8.3,23.8,-5.2,5.1,,,,56.3,-3.8,5.2,24.9,-1.7,2.1,1030.0,-390.0,320.0,0.2,-0.07,0.05,12.4,,,0.08,-0.17,0.17,1e-07,1.0,,,,O2,
GW170809,GWTC-2.1-confident,2,1186302519.8,34.1,-5.3,8.0,24.2,-5.3,4.8,58.5,-3.9,5.3,55.7,-3.6,5.0,24.8,-1.6,2.2,1070.0,-380.0,310.0,0.21,-0.07,0.05,12.8,-0.3,0.2,0.07,-0.17,0.17,,,,,,O2,2.799999999999997
GW170814,GWTC-1-confident,3,1186741861.5,30.6,-3.0,5.6,25.2,-4.0,2.8,,,,53.2,-2.4,3.2,24.1,-1.1,1.4,600.0,-220.0,150.0,0.12,-0.04,0.03,17.2,,,0.07,-0.12,0.12,1e-07,1.0,,,,O2,
GW170814,GWTC-2.1-confident,4,1186741861.5,30.9,-3.3,5.4,24.9,-4.0,3.0,56.0,-3.0,3.5,53.2,-2.7,3.2,24.1,-1.2,1.4,610.0,-230.0,160.0,0.13,-0.05,0.03,17.7,-0.3,0.2,0.08,-0.12,0.13,,,,,,O2,2.799999999999997
GW170817,GWTC-1-confident,3,1187008882.4,1.46,-0.1,0.12,1.27,-0.09,0.09,,,,2.8,,,1.186,-0.001,0.001,40.0,-15.0,7.0,0.01,0.0,0.0,33.0,,,0.0,-0.01,0.02,1e-07,1.0,,,,O2,
GW170818,GWTC-2.1-confident,2,1187058327.1,34.8,-4.2,6.5,27.6,-5.1,4.1,62.5,-4.6,5.3,59.7,-4.2,4.9,26.8,-2.0,2.3,1080.0,-410.0,430.0,0.21,-0.07,0.07,12.0,-0.4,0.3,-0.06,-0.22,0.19,,,,,,O2,2.799999999999997
GW170818,GWTC-1-confident,1,1187058327.1,35.4,-4.7,7.5,26.7,-5.2,4.3,,,,59.4,-3.8,4.9,26.5,-1.7,2.1,1060.0,-380.0,420.0,0.21,-0.07,0.07,11.3,,,-0.09,-0.21,0.18,4.2000000000000004e-05,1.0,,,,O2,
GW170823,GWTC-1-confident,1,1187529256.5,39.5,-6.7,11.2,29.0,-7.8,6.7,,,,65.4,-7.4,10.1,29.2,-3.6,4.6,1940.0,-900.0,970.0,0.35,-0.15,0.15,11.5,,,0.09,-0.26,0.22,1e-07,1.0,,,,O2,
GW170823,GWTC-2.1-confident,2,1187529256.5,38.3,-6.2,9.5,29.0,-7.8,6.5,67.0,-7.2,10.3,63.9,-6.8,9.6,28.6,-3.3,4.5,1970.0,-930.0,840.0,0.36,-0.15,0.13,12.2,-0.3,0.2,0.05,-0.22,0.21,,,,,,O2,3.1000000000000014
GW190403_051519,GWTC-2.1-confident,1,1238303737.2,85.0,-33.0,27.8,20.0,-8.4,26.3,106.6,-23.6,26.7,102.2,-24.3,26.3,34.0,-8.4,15.1,8280.0,-4290.0,6720.0,1.18,-0.53,0.73,7.6,-1.1,0.6,0.68,-0.43,0.16,7.7,0.60924,,,,O3b,4.3999999999999915
GW190408_181802,GWTC-2.1-confident,2,1238782700.2,24.8,-3.5,5.4,18.5,-4.0,3.3,43.4,-3.0,4.2,41.4,-2.9,3.9,18.5,-1.2,1.9,1540.0,-620.0,440.0,0.29,-0.11,0.07,14.6,-0.3,0.2,-0.03,-0.17,0.13,1e-05,1.0,,,,O3b,2.0
GW190412_053044,GWTC-2.1-confident,4,1239082262.1,27.7,-6.0,6.0,9.0,-1.4,2.0,36.8,-4.4,4.7,35.6,-4.5,4.8,13.3,-0.5,0.5,720.0,-220.0,240.0,0.15,-0.04,0.04,19.8,-0.3,0.2,0.21,-0.13,0.12,1e-05,1.0,,,,O3b,1.1999999999999957
GW190413_052954,GWTC-2.1-confident,2,1239168612.5,33.7,-6.4,10.4,24.2,-7.0,6.5,58.0,-7.8,10.6,55.5,-7.3,10.1,24.5,-3.4,4.6,3320.0,-1400.0,1910.0,0.56,-0.21,0.25,9.0,-0.8,0.4,-0.04,-0.32,0.27,0.82,0.9275,,,,O3b,2.5
GW190413_134308,GWTC-2.1-confident,2,1239198206.7,51.3,-12.6,16.6,30.4,-12.7,11.7,81.3,-11.8,16.8,78.0,-11.5,16.1,33.3,-6.3,7.8,3800.0,-1830.0,2480.0,0.62,-0.26,0.32,10.6,-0.5,0.4,-0.01,-0.38,0.28,0.18,0.99058,,,,O3b,3.299999999999997
GW190421_213856,GWTC-2.1-confident,2,1239917954.2,42.0,-7.4,10.1,32.0,-9.8,8.3,73.6,-9.5,13.2,70.5,-9.0,12.4,31.4,-4.6,6.0,2590.0,-1240.0,1490.0,0.45,-0.19,0.21,10.7,-0.4,0.2,-0.1,-0.27,0.21,0.0028,0.99792,,,,O3b,3.0999999999999943
GW190425_081805,GWTC-2.1-confident,3,1240215503.0,2.1,-0.4,0.5,1.3,-0.2,0.3,3.4,-0.1,0.3,,,,1.44,-0.02,0.02,150.0,-60.0,80.0,0.03,-0.01,0.02,12.4,-0.4,0.4,0.07,-0.05,0.07,0.034,0.78349,,,,O3b,
GW190426_190642,GWTC-2.1-confident,1,1240340820.6,105.5,-24.1,45.3,76.0,-36.5,26.2,182.3,-35.7,40.2,172.9,-33.6,37.7,76.0,-17.4,19.1,4580.0,-2280.0,3400.0,0.73,-0.32,0.41,8.7,-0.6,0.4,0.23,-0.41,0.42,4.1,0.75053,,,,O3b,9.400000000000006
GW190503_185404,GWTC-2.1-confident,2,1240944862.2,41.3,-7.7,10.3,28.3,-9.2,7.5,69.4,-8.6,10.1,66.5,-7.9,9.4,29.3,-4.4,4.5,1520.0,-600.0,630.0,0.29,-0.1,0.1,12.2,-0.4,0.2,-0.05,-0.3,0.23,1e-05,1.0,,,,O3b,2.9000000000000057
GW190512_180714,GWTC-2.1-confident,2,1241719652.4,23.2,-5.6,5.6,12.5,-2.6,3.5,35.8,-3.5,4.1,34.3,-3.4,4.1,14.6,-0.9,1.4,1460.0,-590.0,510.0,0.28,-0.1,0.08,12.7,-0.4,0.3,0.02,-0.14,0.13,1e-05,1.0,,,,O3b,1.5
GW190513_205428,GWTC-2.1-confident,2,1241816086.7,36.0,-9.7,10.6,18.3,-4.7,7.4,54.4,-6.7,9.3,52.1,-6.6,8.8,21.8,-2.2,3.8,2210.0,-810.0,990.0,0.4,-0.13,0.14,12.5,-0.4,0.3,0.16,-0.22,0.29,1.3e-05,0.99998,,,,O3b,2.299999999999997
GW190514_065416,GWTC-2.1-confident,2,1241852074.8,40.9,-9.3,17.3,28.4,-10.1,10.0,69.3,-12.1,19.8,66.4,-11.5,19.0,29.1,-5.4,8.1,3890.0,-2070.0,2610.0,0.64,-0.3,0.33,8.0,-0.6,0.3,-0.08,-0.35,0.29,2.8,0.76021,,,,O3b,2.8999999999999915
GW190517_055101,GWTC-2.1-confident,2,1242107479.8,39.2,-9.2,13.9,24.0,-7.9,7.4,64.1,-9.8,9.9,60.1,-9.4,9.9,26.5,-4.2,4.0,1790.0,-880.0,1750.0,0.33,-0.15,0.26,10.8,-0.6,0.5,0.49,-0.28,0.21,0.00035,1.0,,,,O3b,3.999999999999993
GW190519_153544,GWTC-2.1-confident,2,1242315362.3,65.1,-11.0,10.8,40.8,-12.7,11.5,105.6,-13.9,14.4,100.0,-12.9,13.0,44.3,-7.5,6.8,2600.0,-960.0,1720.0,0.45,-0.15,0.24,15.9,-0.3,0.2,0.33,-0.24,0.2,1e-05,1.0,,,,O3b,5.599999999999994
GW190521_030229,GWTC-2.1-confident,4,1242442967.4,98.4,-21.7,33.6,57.2,-30.1,27.1,153.1,-16.2,42.2,147.4,-16.0,40.0,63.3,-14.6,19.6,3310.0,-1800.0,2790.0,0.56,-0.27,0.36,14.3,-0.4,0.5,-0.14,-0.45,0.5,0.0013,0.99989,,,,O3b,5.699999999999989
GW190521_074359,GWTC-2.1-confident,2,1242459857.4,43.4,-5.5,5.8,33.4,-6.8,5.2,76.3,-5.9,7.0,72.6,-5.4,6.5,32.8,-2.8,3.2,1080.0,-530.0,580.0,0.21,-0.1,0.1,25.9,-0.2,0.1,0.1,-0.13,0.13,1e-05,1.0,,,,O3b,3.700000000000003
GW190527_092055,GWTC-2.1-confident,2,1242984073.7,35.6,-8.0,18.7,22.2,-8.7,9.0,58.1,-8.8,18.1,55.5,-8.5,17.9,23.9,-3.9,6.8,2520.0,-1230.0,2080.0,0.44,-0.19,0.29,8.0,-0.9,0.4,0.1,-0.22,0.22,0.23,0.84784,,,,O3b,2.6000000000000014
GW190602_175927,GWTC-2.1-confident,2,1243533585.0,71.8,-14.6,18.1,44.8,-19.6,15.5,115.6,-14.8,19.2,110.5,-13.9,17.9,48.0,-9.7,9.5,2840.0,-1280.0,1930.0,0.49,-0.2,0.26,13.2,-0.3,0.2,0.12,-0.28,0.25,1e-05,1.0,,,,O3b,5.099999999999994
GW190620_030421,GWTC-2.1-confident,2,1245035079.3,58.0,-13.3,19.2,35.0,-14.5,13.1,92.7,-13.2,18.5,88.0,-12.4,17.2,38.1,-7.2,8.5,2910.0,-1320.0,1710.0,0.5,-0.2,0.23,12.1,-0.4,0.3,0.34,-0.29,0.22,0.011,0.98748,,,,O3b,4.700000000000003
GW190630_185205,GWTC-2.1-confident,2,1245955943.1,35.1,-5.5,6.5,24.0,-5.2,5.5,59.4,-4.8,4.7,56.6,-4.5,4.4,25.1,-2.1,2.2,870.0,-360.0,530.0,0.18,-0.07,0.09,16.4,-0.3,0.2,0.1,-0.13,0.14,1e-05,1.0,,,,O3b,2.799999999999997
GW190701_203306,GWTC-2.1-confident,2,1246048404.5,54.1,-8.0,12.6,40.5,-12.1,8.7,94.3,-9.5,12.0,90.2,-8.9,11.2,40.2,-5.0,5.4,2090.0,-740.0,770.0,0.38,-0.12,0.11,11.2,-0.4,0.2,-0.08,-0.31,0.23,0.0057,0.99986,,,,O3b,4.099999999999994
GW190706_222641,GWTC-2.1-confident,2,1246487219.3,74.0,-16.9,20.1,39.4,-15.4,18.4,112.6,-16.8,27.4,107.3,-15.9,25.2,45.6,-9.1,13.0,3630.0,-2000.0,2600.0,0.6,-0.29,0.33,13.4,-0.4,0.2,0.28,-0.31,0.25,5e-05,1.0,,,,O3b,5.299999999999997
GW190707_093326,GWTC-2.1-confident,2,1246527224.1,12.1,-2.0,2.6,7.9,-1.3,1.6,20.1,-1.2,1.7,19.2,-1.2,1.7,8.4,-0.4,0.6,850.0,-400.0,340.0,0.17,-0.08,0.06,13.1,-0.4,0.2,-0.04,-0.09,0.1,1e-05,1.0,,,,O3b,0.9000000000000021
GW190708_232457,GWTC-2.1-confident,2,1246663515.3,19.8,-4.3,4.3,11.6,-2.0,3.1,31.4,-2.2,2.8,30.1,-2.1,2.9,13.1,-0.6,0.9,930.0,-390.0,310.0,0.19,-0.07,0.06,13.4,-0.3,0.2,0.05,-0.1,0.1,0.00031,0.99965,,,,O3b,1.2999999999999972
GW190719_215514,GWTC-2.1-confident,2,1247608532.9,36.6,-11.1,42.1,19.9,-9.3,10.0,57.2,-11.6,38.4,54.5,-11.1,38.3,22.8,-4.3,8.3,3730.0,-2070.0,3120.0,0.61,-0.3,0.39,7.9,-0.7,0.3,0.25,-0.32,0.33,0.63,0.91976,,,,O3b,2.700000000000003
GW190720_000836,GWTC-2.1-confident,2,1247616534.7,14.2,-3.3,5.6,7.5,-1.8,2.2,21.8,-2.0,3.8,20.8,-2.0,3.9,9.0,-0.8,0.4,770.0,-260.0,650.0,0.16,-0.05,0.11,10.9,-0.8,0.3,0.19,-0.11,0.14,1e-05,1.0,,,,O3b,1.0
GW190725_174728,GWTC-2.1-confident,1,1248112066.4,11.8,-3.0,10.1,6.3,-2.5,2.1,18.3,-1.9,7.4,17.6,-1.8,7.7,7.4,-0.5,0.5,1030.0,-430.0,520.0,0.2,-0.08,0.09,9.1,-0.7,0.4,-0.04,-0.16,0.36,0.46,0.96021,,,,O3b,0.6999999999999993
GW190727_060333,GWTC-2.1-confident,2,1248242631.9,38.9,-6.0,8.9,30.2,-8.3,6.5,68.8,-7.8,10.2,65.4,-7.3,9.5,29.4,-3.7,4.6,3070.0,-1230.0,1300.0,0.52,-0.18,0.18,11.7,-0.5,0.2,0.09,-0.27,0.25,1e-05,1.0,,,,O3b,3.3999999999999915
GW190728_064510,GWTC-2.1-confident,2,1248331528.5,12.5,-2.3,6.9,8.0,-2.6,1.7,20.7,-1.4,4.2,19.7,-1.4,4.4,8.6,-0.3,0.6,880.0,-380.0,260.0,0.18,-0.07,0.05,13.1,-0.4,0.3,0.13,-0.07,0.19,1e-05,1.0,,,,O3b,1.0
GW190731_140936,GWTC-2.1-confident,2,1248617394.6,41.8,-9.1,12.7,29.0,-9.9,10.2,70.7,-11.4,16.3,67.4,-10.8,15.3,29.7,-5.3,7.4,3330.0,-1770.0,2350.0,0.56,-0.26,0.31,8.8,-0.4,0.3,0.07,-0.25,0.28,0.33,0.83427,,,,O3b,3.299999999999997
GW190803_022701,GWTC-2.1-confident,2,1248834439.8,37.7,-6.7,9.8,27.6,-8.5,7.6,65.0,-8.1,12.0,62.1,-7.6,11.2,27.6,-3.8,5.4,3190.0,-1470.0,1630.0,0.54,-0.22,0.22,9.3,-0.5,0.3,-0.01,-0.28,0.23,0.073,0.97383,,,,O3b,2.8999999999999986
GW190805_211137,GWTC-2.1-confident,1,1249074715.3,46.2,-11.2,15.4,30.6,-11.3,11.8,76.7,-13.8,19.5,72.4,-13.2,18.2,31.9,-6.3,8.8,6130.0,-3080.0,3720.0,0.92,-0.4,0.43,8.1,-0.7,0.5,0.37,-0.39,0.29,0.63,0.95372,,,,O3b,4.299999999999997
GW190814_211039,GWTC-2.1-confident,3,1249852257.0,23.3,-1.4,1.4,2.6,-0.1,0.1,25.9,-1.3,1.3,25.7,-1.3,1.3,6.11,-0.05,0.06,230.0,-50.0,40.0,0.05,-0.01,0.01,25.3,-0.2,0.1,0.0,-0.07,0.07,1e-05,1.0,,,,O3b,0.1999999999999993
GW190828_063405,GWTC-2.1-confident,2,1251009263.7,31.9,-4.1,5.4,25.8,-5.3,4.9,57.2,-4.3,7.9,54.3,-4.0,7.3,24.6,-2.0,3.6,2070.0,-920.0,650.0,0.38,-0.15,0.1,16.5,-0.3,0.2,0.15,-0.16,0.15,1e-05,1.0,,,,O3b,2.9000000000000057
GW190828_065509,GWTC-2.1-confident,2,1251010527.8,23.7,-6.7,6.8,10.4,-2.2,3.8,34.3,-4.3,5.2,33.0,-4.3,5.3,13.4,-1.0,1.4,1540.0,-650.0,690.0,0.29,-0.11,0.11,10.2,-0.5,0.4,0.05,-0.17,0.16,3.5e-05,0.99998,,,,O3b,1.2999999999999972
GW190910_112807,GWTC-2.1-confident,2,1252150105.3,43.8,-6.8,7.6,34.2,-7.3,6.6,78.0,-9.1,9.3,74.4,-8.6,8.5,33.5,-4.1,4.2,1520.0,-630.0,1090.0,0.29,-0.11,0.17,14.5,-0.3,0.2,0.0,-0.2,0.17,0.0029,0.99669,,,,O3b,3.5999999999999943
GW190915_235702,GWTC-2.1-confident,2,1252627040.6,32.6,-4.9,8.8,24.5,-5.8,4.9,57.2,-5.3,7.1,54.7,-5.0,6.6,24.4,-2.3,3.0,1750.0,-650.0,710.0,0.32,-0.11,0.11,13.1,-0.3,0.2,-0.03,-0.24,0.19,1e-05,1.0,,,,O3b,2.5
GW190916_200658,GWTC-2.1-confident,1,1252699636.9,43.8,-12.6,19.9,23.3,-10.0,12.5,68.0,-13.1,18.3,65.0,-12.6,17.3,26.9,-5.4,8.2,4940.0,-2380.0,3710.0,0.77,-0.32,0.45,8.1,-0.5,0.3,0.2,-0.31,0.33,4.7,0.65727,,,,O3b,3.0
GW190917_114630,GWTC-2.1-confident,1,1252756008.0,9.7,-3.9,3.4,2.1,-0.4,1.1,11.8,-2.8,3.0,11.6,-2.9,3.1,3.7,-0.2,0.2,720.0,-310.0,300.0,0.15,-0.06,0.05,8.3,-0.8,0.5,-0.08,-0.43,0.21,0.66,0.76643,,,,O3b,0.20000000000000107
GW190924_021846,GWTC-2.1-confident,2,1253326744.8,8.8,-1.8,4.3,5.1,-1.5,1.2,13.9,-0.9,2.8,13.3,-0.9,3.0,5.8,-0.2,0.2,550.0,-220.0,220.0,0.11,-0.04,0.04,12.0,-0.4,0.3,0.03,-0.08,0.2,1e-05,1.0,,,,O3b,0.5999999999999996
GW190925_232845,GWTC-2.1-confident,1,1253489343.1,20.8,-2.9,6.5,15.5,-3.6,2.5,36.7,-2.8,3.6,34.9,-2.6,3.5,15.6,-1.1,1.1,930.0,-350.0,460.0,0.19,-0.07,0.08,9.7,-0.6,0.3,0.09,-0.15,0.16,0.0072,0.98849,,,,O3b,1.8000000000000043
GW190926_050336,GWTC-2.1-confident,1,1253509434.0,41.1,-12.5,20.8,20.4,-8.2,11.4,61.9,-12.0,22.7,59.6,-11.8,22.1,24.4,-4.9,9.0,3280.0,-1730.0,3400.0,0.55,-0.26,0.44,8.1,-0.8,0.6,-0.02,-0.32,0.25,1.1,0.54334,,,,O3b,2.299999999999997
GW190929_012149,GWTC-2.1-confident,2,1253755327.4,66.3,-16.6,21.6,26.8,-10.6,14.7,93.3,-15.0,23.3,90.3,-14.6,22.3,35.6,-7.4,10.2,3130.0,-1370.0,2510.0,0.53,-0.2,0.33,9.7,-0.6,0.4,-0.03,-0.28,0.23,0.16,0.87042,,,,O3b,3.0
GW190930_133541,GWTC-2.1-confident,2,1253885759.2,14.2,-4.0,8.0,6.9,-2.1,2.4,21.2,-2.0,5.9,20.2,-2.0,6.1,8.5,-0.4,0.5,770.0,-320.0,320.0,0.16,-0.06,0.06,9.7,-0.5,0.3,0.19,-0.16,0.22,0.012,0.99785,,,,O3b,1.0
GW191103_012549,GWTC-3-confident,1,1256779567.5,11.8,-2.2,6.2,7.9,-2.4,1.7,20.0,-1.8,3.7,19.0,-1.7,3.8,8.34,-0.57,0.66,990.0,-470.0,500.0,0.2,-0.09,0.09,8.9,-0.5,0.3,0.21,-0.1,0.16,0.46,0.94318,,,,O3b,1.0
GW191105_143521,GWTC-3-confident,1,1256999739.9,10.7,-1.6,3.7,7.7,-1.9,1.4,18.5,-1.3,2.1,17.6,-1.2,2.1,7.82,-0.45,0.61,1150.0,-480.0,430.0,0.23,-0.09,0.07,9.7,-0.5,0.3,-0.02,-0.09,0.13,0.012,0.99,,,,O3b,0.8999999999999986
GW191109_010717,GWTC-3-confident,1,1257296855.2,65.0,-11.0,11.0,47.0,-13.0,15.0,112.0,-16.0,20.0,107.0,-15.0,18.0,47.5,-7.5,9.6,1290.0,-650.0,1130.0,0.25,-0.12,0.18,17.3,-0.5,0.5,-0.29,-0.31,0.42,0.00018,0.99,,,,O3b,5.0
GW191113_071753,GWTC-3-confident,1,1257664691.8,29.0,-14.0,12.0,5.9,-1.3,4.4,34.5,-9.8,10.5,34.0,-10.0,11.0,10.7,-1.0,1.1,1370.0,-620.0,1150.0,0.26,-0.11,0.18,7.9,-1.1,0.5,0.0,-0.29,0.37,26.0,0.68339,,,,O3b,0.5
GW191126_115259,GWTC-3-confident,1,1258804397.6,12.1,-2.2,5.5,8.3,-2.4,1.9,20.7,-2.0,3.4,19.6,-2.0,3.5,8.65,-0.71,0.95,1620.0,-740.0,740.0,0.3,-0.13,0.12,8.3,-0.5,0.2,0.21,-0.11,0.15,3.2,0.70041,,,,O3b,1.0999999999999979
GW191127_050227,GWTC-3-confident,1,1258866165.5,53.0,-20.0,47.0,24.0,-14.0,17.0,80.0,-22.0,39.0,76.0,-21.0,39.0,29.9,-9.1,11.7,3400.0,-1900.0,3100.0,0.57,-0.29,0.4,9.2,-0.6,0.7,0.18,-0.36,0.34,0.25,0.73996,,,,O3b,4.0
GW191129_134029,GWTC-3-confident,1,1259070047.1,10.7,-2.1,4.1,6.7,-1.7,1.5,17.5,-1.2,2.4,16.8,-1.2,2.5,7.31,-0.28,0.43,790.0,-330.0,260.0,0.16,-0.06,0.05,13.1,-0.3,0.2,0.06,-0.08,0.16,1e-05,0.99,,,,O3b,0.6999999999999993
GW191204_110529,GWTC-3-confident,1,1259492747.5,27.3,-5.9,10.8,19.2,-6.0,5.5,47.1,-7.8,9.1,45.0,-7.5,8.7,19.8,-3.2,3.6,1900.0,-1100.0,1700.0,0.34,-0.18,0.25,8.9,-0.6,0.4,0.05,-0.26,0.25,3.3,0.74239,,,,O3b,2.1000000000000014
GW191204_171526,GWTC-3-confident,1,1259514944.0,11.7,-1.7,3.3,8.4,-1.7,1.3,20.19,-0.95,1.64,19.18,-0.93,1.71,8.56,-0.28,0.41,640.0,-260.0,200.0,0.13,-0.05,0.04,17.4,-0.3,0.2,0.16,-0.05,0.08,1e-05,0.99,,,,O3b,1.0100000000000016
GW191215_223052,GWTC-3-confident,1,1260484270.3,24.9,-4.1,7.1,18.1,-4.1,3.8,43.3,-4.3,5.3,41.4,-4.1,5.1,18.4,-1.7,2.2,1930.0,-860.0,890.0,0.35,-0.14,0.13,11.2,-0.4,0.3,-0.04,-0.21,0.17,1e-05,0.99,,,,O3b,1.8999999999999986
GW191216_213338,GWTC-3-confident,1,1260567236.4,12.1,-2.2,4.6,7.7,-1.9,1.6,19.8,-0.93,2.7,18.87,-0.93,2.81,8.33,-0.19,0.22,340.0,-130.0,120.0,0.07,-0.03,0.02,18.6,-0.2,0.2,0.11,-0.06,0.13,1e-05,0.99,,,,O3b,0.9299999999999997
GW191219_163120,GWTC-3-confident,1,1260808298.4,31.1,-2.8,2.2,1.17,-0.06,0.07,32.3,-2.7,2.2,32.2,-2.7,2.2,4.31,-0.17,0.12,550.0,-160.0,240.0,0.11,-0.03,0.05,9.1,-0.8,0.5,0.0,-0.09,0.07,4.0,0.8224,,,,O3b,0.09999999999999432
GW191222_033537,GWTC-3-confident,1,1261020955.1,45.1,-8.0,10.9,34.7,-10.5,9.3,79.0,-11.0,16.0,75.5,-9.9,15.3,33.8,-5.0,7.1,3000.0,-1700.0,1700.0,0.51,-0.26,0.23,12.5,-0.3,0.2,-0.04,-0.25,0.2,1e-05,0.99,,,,O3b,3.5
GW191230_180458,GWTC-3-confident,1,1261764316.4,49.4,-9.6,14.0,37.0,-12.0,11.0,86.0,-12.0,19.0,82.0,-11.0,17.0,36.5,-5.6,8.2,4300.0,-1900.0,2100.0,0.69,-0.27,0.26,10.4,-0.4,0.3,-0.05,-0.31,0.26,0.05,0.96159,,,,O3b,4.0
GW200112_155838,GWTC-3-confident,1,1262879936.0,35.6,-4.5,6.7,28.3,-5.9,4.4,63.9,-4.6,5.7,60.8,-4.3,5.3,27.4,-2.1,2.6,1250.0,-460.0,430.0,0.24,-0.08,0.07,19.8,-0.2,0.1,0.06,-0.15,0.15,1e-05,0.99,,,,O3a,3.1000000000000014
GW200115_042309,GWTC-3-confident,2,1263097407.7,5.9,-2.5,2.0,1.44,-0.28,0.85,7.4,-1.7,1.7,7.2,-1.7,1.8,2.43,-0.07,0.05,290.0,-100.0,150.0,0.06,-0.02,0.03,11.3,-0.5,0.3,-0.15,-0.42,0.23,1e-05,0.99,,,,O3a,0.20000000000000018
GW200128_022011,GWTC-3-confident,1,1264213229.9,42.2,-8.1,11.6,32.6,-9.2,9.5,75.0,-12.0,17.0,71.0,-11.0,16.0,32.0,-5.5,7.5,3400.0,-1800.0,2100.0,0.56,-0.28,0.28,10.6,-0.4,0.3,0.12,-0.25,0.24,0.0043,0.99,,,,O3a,4.0
GW200129_065458,GWTC-3-confident,1,1264316116.4,34.5,-3.1,9.9,29.0,-9.3,3.3,63.3,-3.4,4.5,60.2,-3.2,4.1,27.2,-2.3,2.1,890.0,-370.0,260.0,0.18,-0.07,0.05,26.8,-0.2,0.2,0.11,-0.16,0.11,1e-05,0.99,,,,O3a,3.0999999999999943
GW200202_154313,GWTC-3-confident,1,1264693411.5,10.1,-1.4,3.5,7.3,-1.7,1.1,17.58,-0.67,1.78,16.76,-0.66,1.87,7.49,-0.2,0.24,410.0,-160.0,150.0,0.09,-0.03,0.03,10.8,-0.4,0.2,0.04,-0.06,0.13,1e-05,0.99,,,,O3a,0.8199999999999967
GW200208_130117,GWTC-3-confident,1,1265202095.9,37.7,-6.2,9.3,27.4,-7.3,6.3,65.3,-6.8,8.1,62.5,-6.4,7.5,27.7,-3.1,3.7,2230.0,-850.0,1020.0,0.4,-0.14,0.15,10.8,-0.4,0.3,-0.07,-0.27,0.21,0.00031,0.99,,,,O3a,2.799999999999997
GW200208_222617,GWTC-3-confident,1,1265235995.9,51.0,-30.0,103.0,12.3,-5.5,9.2,63.0,-26.0,100.0,61.0,-26.0,99.0,19.8,-5.2,10.5,4100.0,-2000.0,4400.0,0.66,-0.29,0.53,7.4,-1.2,1.4,0.45,-0.46,0.42,4.8,0.70006,,,,O3a,2.0
GW200209_085452,GWTC-3-confident,1,1265273710.1,35.6,-6.8,10.5,27.1,-7.8,7.8,62.6,-9.4,13.9,59.9,-8.9,13.1,26.7,-4.2,6.0,3400.0,-1800.0,1900.0,0.57,-0.26,0.25,9.6,-0.5,0.4,-0.12,-0.3,0.24,0.046,0.97236,,,,O3a,2.700000000000003
GW200210_092254,GWTC-3-confident,1,1265361792.9,24.1,-4.6,7.5,2.83,-0.42,0.47,27.0,-4.3,7.1,26.7,-4.3,7.2,6.56,-0.4,0.38,940.0,-340.0,430.0,0.19,-0.06,0.08,8.4,-0.7,0.5,0.02,-0.21,0.22,1.2,0.54462,,,,O3a,0.3000000000000007
GW200216_220804,GWTC-3-confident,1,1265926102.8,51.0,-13.0,22.0,30.0,-16.0,14.0,81.0,-14.0,20.0,78.0,-13.0,19.0,32.9,-8.5,9.3,3800.0,-2000.0,3000.0,0.63,-0.29,0.37,8.1,-0.5,0.4,0.1,-0.36,0.34,0.35,0.77277,,,,O3a,3.0
GW200219_094415,GWTC-3-confident,1,1266140673.1,37.5,-6.9,10.1,27.9,-8.4,7.4,65.0,-8.2,12.6,62.2,-7.8,11.7,27.6,-3.8,5.6,3400.0,-1500.0,1700.0,0.57,-0.22,0.22,10.7,-0.5,0.3,-0.08,-0.29,0.23,0.00099,0.99,,,,O3a,2.799999999999997
GW200220_061928,GWTC-3-confident,1,1266214786.7,87.0,-23.0,40.0,61.0,-25.0,26.0,148.0,-33.0,55.0,141.0,-31.0,51.0,62.0,-15.0,23.0,6000.0,-3100.0,4800.0,0.9,-0.4,0.55,7.2,-0.7,0.4,0.06,-0.38,0.4,6.8,0.62376,,,,O3a,7.0
GW200220_124850,GWTC-3-confident,1,1266238148.1,38.9,-8.6,14.1,27.9,-9.0,9.2,67.0,-12.0,17.0,64.0,-11.0,16.0,28.2,-5.1,7.3,4000.0,-2200.0,2800.0,0.66,-0.31,0.36,8.5,-0.5,0.3,-0.07,-0.33,0.27,30.0,0.82579,,,,O3a,3.0
GW200224_222234,GWTC-3-confident,1,1266618172.4,40.0,-4.5,6.7,32.7,-7.2,4.8,72.3,-5.3,7.2,68.7,-4.8,6.7,31.1,-2.7,3.3,1710.0,-650.0,500.0,0.32,-0.11,0.08,20.0,-0.2,0.2,0.1,-0.16,0.15,1e-05,0.99,,,,O3a,3.5999999999999943
GW200225_060421,GWTC-3-confident,1,1266645879.3,19.3,-3.0,5.0,14.0,-3.5,2.8,33.5,-3.0,3.6,32.1,-2.8,3.5,14.2,-1.4,1.5,1150.0,-530.0,510.0,0.22,-0.1,0.09,12.5,-0.4,0.3,-0.12,-0.28,0.17,1.1e-05,0.99,,,,O3a,1.3999999999999986
GW200302_015811,GWTC-3-confident,1,1267149509.5,37.8,-8.5,8.7,20.0,-5.7,8.1,57.8,-6.9,9.6,55.5,-6.6,8.9,23.4,-3.0,4.7,1480.0,-700.0,1020.0,0.28,-0.12,0.16,10.8,-0.4,0.3,0.01,-0.26,0.25,0.11,0.90643,,,,O3a,2.299999999999997
GW200306_093714,GWTC-3-confident,1,1267522652.1,28.3,-7.7,17.1,14.8,-6.4,6.5,43.9,-7.5,11.8,41.7,-6.9,12.3,17.5,-3.0,3.5,2100.0,-1100.0,1700.0,0.38,-0.18,0.24,7.8,-0.6,0.4,0.32,-0.46,0.28,24.0,0.81156,,,,O3a,2.1999999999999957
GW200308_173609,GWTC-3-confident,1,1267724187.7,60.0,-29.0,166.0,24.0,-13.0,36.0,92.0,-48.0,169.0,88.0,-47.0,169.0,34.0,-18.0,44.0,7100.0,-4400.0,13900.0,1.04,-0.57,1.47,4.7,-2.9,2.5,0.16,-0.49,0.58,2.4,0.8566,,,,O3a,4.0
GW200311_115853,GWTC-3-confident,1,1267963151.3,34.2,-3.8,6.4,27.7,-5.9,4.1,61.9,-4.2,5.3,59.0,-3.9,4.8,26.6,-2.0,2.4,1170.0,-400.0,280.0,0.23,-0.07,0.05,17.8,-0.2,0.2,-0.02,-0.2,0.16,1e-05,0.99,,,,O3a,2.8999999999999986
GW200316_215756,GWTC-3-confident,1,1268431094.1,13.1,-2.9,10.2,7.8,-2.9,2.0,21.2,-2.0,7.2,20.2,-1.9,7.4,8.75,-0.55,0.62,1120.0,-440.0,480.0,0.22,-0.08,0.08,10.3,-0.7,0.4,0.13,-0.1,0.27,1e-05,0.99,,,,O3a,1.0
GW200322_091133,GWTC-3-confident,1,1268903511.3,38.0,-22.0,130.0,11.3,-6.0,24.3,50.0,-22.0,132.0,48.0,-22.0,132.0,15.0,-4.0,29.5,3500.0,-2200.0,12500.0,0.59,-0.32,1.43,4.5,-3.0,2.7,0.27,-0.58,0.54,140.0,0.61501,,,,O3a,2.0
GW230518_125908,GWTC-4.0,1,1368449966.2,8.17,-0.92,0.84,1.45,-0.1,0.13,9.61,-0.79,0.76,,,,2.8,-0.06,0.06,236.0,-96.0,108.0,0.05,-0.02,0.02,14.1,,,-0.01,-0.11,0.09,1e-05,0.99,,,,O4a,
GW230529_181500,GWTC-4.0,2,1369419318.7,3.66,-1.21,0.81,1.42,-0.22,0.6,5.08,-0.6,0.6,,,,1.94,-0.04,0.04,202.0,-98.0,103.0,0.04,-0.02,0.02,11.8,,,-0.1,-0.18,0.12,0.00022,0.99,,,,O4a,
GW230529_181500,O4_Discovery_Papers,1,1369419318.7,3.6,-1.2,0.8,1.4,-0.2,0.6,5.1,-0.6,0.6,,,,1.94,-0.04,0.04,201.0,-96.0,102.0,0.04,-0.02,0.02,11.6,,,-0.1,-0.17,0.12,0.001,,,,,O4a,
GW230531_141100,GWTC-4.0,1,1369577478.3,,,,,,,,,,,,,,,,,,,,,,8.0,,,,,,3.5,0.69,,,,O4a,
GW230601_224134,GWTC-4.0,1,1369694512.1,64.0,-13.0,17.0,44.0,-15.0,14.0,107.0,-15.0,22.0,102.0,-14.0,21.0,45.0,-7.3,10.0,3700.0,-1800.0,2100.0,0.6,-0.26,0.28,13.4,,,-0.03,-0.32,0.27,1e-05,0.99,,,,O4a,5.0
GW230603_174756,GWTC-4.0,1,1369849694.9,,,,,,,,,,,,,,,,,,,,,,8.0,,,,,,8.4,0.73,,,,O4a,
GW230605_065343,GWTC-4.0,1,1369983241.5,17.2,-3.5,6.5,11.1,-2.7,2.5,28.6,-2.8,4.0,27.3,-2.7,4.1,11.94,-0.94,0.96,1060.0,-480.0,610.0,0.21,-0.09,0.1,11.4,,,0.06,-0.1,0.16,1e-05,0.99,,,,O4a,1.3000000000000007
GW230606_004305,GWTC-4.0,1,1370047403.8,37.6,-7.6,13.4,25.8,-8.3,8.1,63.4,-8.3,13.4,60.7,-7.9,12.8,26.5,-3.6,5.7,2700.0,-1400.0,1500.0,0.48,-0.22,0.2,11.1,,,-0.11,-0.31,0.26,0.00041,0.99,,,,O4a,2.6999999999999957
GW230606_024545,GWTC-4.0,1,1370054763.5,,,,,,,,,,,,,,,,,,,,,,7.5,,,,,,3.2,0.88,,,,O4a,
GW230608_205047,GWTC-4.0,1,1370292665.2,48.0,-11.0,13.0,31.0,-11.0,11.0,79.0,-11.0,16.0,75.0,-11.0,15.0,32.8,-5.4,7.3,3500.0,-1700.0,2200.0,0.58,-0.26,0.29,10.2,,,0.04,-0.26,0.25,0.0012,0.99,,,,O4a,4.0
GW230609_010824,GWTC-4.0,1,1370308122.4,,,,,,,,,,,,,,,,,,,,,,8.0,,,,,,2.8,0.81,,,,O4a,
GW230609_064958,GWTC-4.0,1,1370328616.3,35.3,-6.9,10.7,25.2,-7.5,7.5,60.3,-8.0,12.9,57.8,-7.7,12.2,25.5,-3.6,5.8,3400.0,-1700.0,1900.0,0.56,-0.25,0.25,10.6,,,-0.14,-0.27,0.22,0.00014,0.99,,,,O4a,2.5
GW230615_160825,GWTC-4.0,1,1370880524.0,,,,,,,,,,,,,,,,,,,,,,8.9,,,,,,4.3,0.5,,,,O4a,
GW230618_102550,GWTC-4.0,1,1371119168.0,,,,,,,,,,,,,,,,,,,,,,7.8,,,,,,49.00000000000001,0.59,,,,O4a,
GW230624_113103,GWTC-4.0,1,1371641481.7,27.2,-6.9,13.4,16.1,-4.5,4.8,43.8,-6.6,11.1,41.8,-6.3,10.7,18.0,-2.4,3.2,1940.0,-970.0,1270.0,0.35,-0.16,0.19,11.4,,,0.17,-0.25,0.29,0.00017999999999999998,0.99,,,,O4a,2.0
GW230624_214944,GWTC-4.0,1,1371678602.5,,,,,,,,,,,,,,,,,,,,,,10.6,,,,,,2.2,0.69,,,,O4a,
GW230625_211655,GWTC-4.0,1,1371763033.0,,,,,,,,,,,,,,,,,,,,,,8.1,,,,,,42.0,0.61,,,,O4a,
GW230627_015337,GWTC-4.0,1,1371866035.8,8.4,-1.3,1.7,5.79,-0.92,0.95,14.19,-0.45,0.77,13.54,-0.45,0.82,6.02,-0.07,0.16,305.0,-134.0,65.0,0.07,-0.03,0.01,28.7,,,0.02,-0.03,0.08,1e-05,0.99,,,,O4a,0.6500000000000004
GW230628_231200,GWTC-4.0,1,1372029138.4,32.5,-3.9,5.9,27.1,-5.2,4.9,59.3,-4.9,8.6,56.5,-4.6,8.1,25.5,-2.2,3.8,2250.0,-1070.0,800.0,0.4,-0.17,0.12,16.4,,,-0.01,-0.16,0.16,1e-05,0.99,,,,O4a,2.799999999999997
GW230630_070659,GWTC-4.0,1,1372144037.0,,,,,,,,,,,,,,,,,,,,,,9.8,,,,,,0.47000000000000003,0.88,,,,O4a,
GW230630_125806,GWTC-4.0,1,1372165104.9,51.0,-14.0,20.0,33.0,-13.0,15.0,84.0,-19.0,26.0,80.0,-18.0,25.0,35.0,-8.5,11.4,5400.0,-3000.0,5100.0,0.83,-0.41,0.59,9.0,,,0.17,-0.31,0.3,0.16,0.99,,,,O4a,4.0
GW230630_234532,GWTC-4.0,1,1372203950.4,10.0,-1.8,3.5,6.6,-1.6,1.5,16.8,-1.4,2.1,16.1,-1.4,2.1,7.06,-0.48,0.57,1080.0,-480.0,520.0,0.21,-0.09,0.09,9.9,,,-0.04,-0.08,0.16,0.00042,0.99,,,,O4a,0.6999999999999993
GW230702_162025,GWTC-4.0,1,1372350043.9,,,,,,,,,,,,,,,,,,,,,,9.2,,,,,,6.5,0.6,,,,O4a,
GW230702_185453,GWTC-4.0,1,1372359311.7,40.0,-13.0,20.0,18.0,-6.5,8.5,60.0,-11.0,15.0,57.0,-11.0,15.0,22.9,-3.5,4.0,2400.0,-1100.0,1900.0,0.43,-0.17,0.27,10.1,,,0.05,-0.26,0.29,1e-05,0.99,,,,O4a,3.0
GW230704_021211,GWTC-4.0,1,1372471949.2,32.4,-7.9,11.9,19.9,-6.0,6.5,52.7,-8.2,10.8,50.5,-7.9,10.6,21.8,-3.2,4.4,2700.0,-1500.0,1800.0,0.48,-0.23,0.25,9.4,,,-0.01,-0.24,0.21,0.21,0.99,,,,O4a,2.200000000000003
GW230704_212616,GWTC-4.0,1,1372541194.7,89.0,-27.0,42.0,49.0,-25.0,30.0,139.0,-31.0,49.0,132.0,-30.0,47.0,55.0,-14.0,23.0,7200.0,-4200.0,6100.0,1.05,-0.54,0.68,8.7,,,0.28,-0.43,0.34,0.51,0.93,,,,O4a,7.0
GW230706_104333,GWTC-4.0,1,1372675431.2,16.3,-3.0,5.4,11.5,-2.7,2.6,27.9,-3.0,4.4,26.5,-2.8,4.3,11.8,-1.1,1.7,1930.0,-980.0,920.0,0.35,-0.16,0.14,9.2,,,0.19,-0.14,0.13,0.23,0.98,,,,O4a,1.3999999999999986
GW230707_124047,GWTC-4.0,1,1372768865.3,46.1,-8.2,12.2,36.4,-9.8,10.6,82.0,-12.0,19.0,78.0,-11.0,18.0,35.1,-5.3,8.6,4500.0,-2300.0,2300.0,0.71,-0.32,0.29,11.9,,,-0.05,-0.29,0.25,0.0011,0.99,,,,O4a,4.0
GW230708_053705,GWTC-4.0,1,1372829843.1,29.1,-5.4,8.2,22.8,-5.4,5.5,51.9,-7.6,10.2,49.4,-7.2,9.7,22.2,-3.3,4.4,3300.0,-1700.0,2000.0,0.55,-0.25,0.27,8.9,,,0.07,-0.24,0.23,0.21999999999999997,0.99,,,,O4a,2.5
GW230708_071859,GWTC-4.0,1,1372835957.4,,,,,,,,,,,,,,,,,,,,,,9.1,,,,,,1.5,0.73,,,,O4a,
GW230708_230935,GWTC-4.0,1,1372892993.5,64.0,-15.0,20.0,39.0,-15.0,14.0,103.0,-16.0,21.0,99.0,-15.0,20.0,42.5,-7.8,9.7,3500.0,-1600.0,2300.0,0.58,-0.24,0.29,10.0,,,0.01,-0.3,0.27,0.0037,0.99,,,,O4a,4.0
GW230709_063445,GWTC-4.0,1,1372919703.1,,,,,,,,,,,,,,,,,,,,,,7.9,,,,,,15.0,0.83,,,,O4a,
GW230709_122727,GWTC-4.0,1,1372940865.2,45.0,-11.0,16.0,30.0,-13.0,13.0,74.0,-14.0,20.0,71.0,-13.0,19.0,31.0,-6.6,9.4,4600.0,-2400.0,3500.0,0.73,-0.34,0.43,10.2,,,0.08,-0.31,0.3,0.011,0.99,,,,O4a,3.0
GW230712_090405,GWTC-4.0,1,1373187863.9,32.0,-10.0,17.0,13.1,-5.9,14.6,46.0,-11.0,21.0,45.0,-11.0,20.0,16.5,-3.2,11.1,2000.0,-1000.0,2600.0,0.37,-0.17,0.36,9.5,,,-0.03,-0.31,0.35,0.018,0.99,,,,O4a,1.0
GW230717_102139,GWTC-4.0,1,1373624517.1,,,,,,,,,,,,,,,,,,,,,,8.3,,,,,,29.0,0.7,,,,O4a,
GW230721_222634,GWTC-4.0,1,1374013612.8,,,,,,,,,,,,,,,,,,,,,,7.9,,,,,,4.1,0.73,,,,O4a,
GW230723_084820,GWTC-4.0,1,1374137318.4,,,,,,,,,,,,,,,,,,,,,,8.4,,,,,,3.8999999999999995,0.64,,,,O4a,
GW230723_101834,GWTC-4.0,1,1374142732.4,16.7,-3.4,5.9,10.6,-2.8,2.8,27.5,-2.6,4.3,26.4,-2.6,4.2,11.4,-0.92,1.64,1610.0,-890.0,690.0,0.3,-0.16,0.11,10.1,,,-0.18,-0.17,0.2,0.0034,0.99,,,,O4a,1.1000000000000014
GW230726_002940,GWTC-4.0,1,1374366598.1,35.6,-5.9,9.0,27.9,-6.0,6.0,63.6,-7.9,10.3,60.6,-7.4,9.7,27.3,-3.4,4.4,2000.0,-1000.0,1200.0,0.37,-0.17,0.18,10.5,,,-0.02,-0.23,0.21,1e-05,0.99,,,,O4a,3.0
GW230728_083628,GWTC-4.0,1,1374568606.9,,,,,,,,,,,,,,,,,,,,,,13.1,,,,,,1.5,0.73,,,,O4a,
GW230729_082317,GWTC-4.0,1,1374654215.2,12.3,-2.7,7.6,7.6,-2.6,2.1,20.3,-2.4,5.0,19.4,-2.4,5.1,8.33,-0.75,0.94,1630.0,-760.0,820.0,0.31,-0.13,0.13,9.5,,,0.12,-0.13,0.22,0.18,0.95,,,,O4a,0.9000000000000021
GW230731_215307,GWTC-4.0,1,1374875605.9,10.4,-1.4,2.9,7.8,-1.6,1.2,18.3,-1.0,1.6,17.4,-1.0,1.6,7.77,-0.36,0.58,1110.0,-460.0,350.0,0.22,-0.08,0.06,12.2,,,-0.05,-0.06,0.11,1e-05,0.99,,,,O4a,0.9000000000000021
GW230803_033412,GWTC-4.0,1,1375068870.4,45.0,-12.0,19.0,29.0,-10.0,12.0,74.0,-16.0,22.0,70.0,-15.0,21.0,30.5,-6.7,9.3,4900.0,-2600.0,4000.0,0.77,-0.35,0.47,9.4,,,0.06,-0.31,0.29,0.31,0.99,,,,O4a,4.0
GW230805_034249,GWTC-4.0,1,1375242188.0,32.1,-7.3,12.5,22.6,-7.5,7.8,54.9,-9.7,13.8,52.4,-9.2,13.0,23.1,-4.2,5.9,3500.0,-1700.0,2600.0,0.58,-0.25,0.33,9.5,,,0.06,-0.28,0.27,0.0037,0.99,,,,O4a,2.5
GW230806_204041,GWTC-4.0,1,1375389659.9,51.0,-12.0,18.0,35.0,-13.0,14.0,85.0,-15.0,24.0,81.0,-15.0,23.0,35.8,-6.9,10.7,5500.0,-2900.0,3700.0,0.84,-0.39,0.44,9.4,,,0.08,-0.27,0.28,0.0037,0.99,,,,O4a,4.0
GW230807_205045,GWTC-4.0,1,1375476663.4,,,,,,,,,,,,,,,,,,,,,,8.7,,,,,,2.9,0.59,,,,O4a,
GW230811_032116,GWTC-4.0,1,1375759294.3,35.6,-7.5,8.7,22.1,-5.1,6.7,57.9,-6.6,8.7,55.3,-6.4,8.3,24.0,-2.4,4.1,2100.0,-1100.0,1200.0,0.38,-0.18,0.17,13.6,,,0.02,-0.18,0.18,1e-05,0.99,,,,O4a,2.6000000000000014
GW230814_061920,GWTC-4.0,1,1376029178.5,69.0,-17.0,19.0,42.0,-16.0,17.0,110.0,-20.0,26.0,105.0,-19.0,24.0,45.5,-9.9,11.9,4000.0,-2000.0,3400.0,0.65,-0.28,0.42,11.2,,,0.05,-0.28,0.29,0.00063,0.99,,,,O4a,5.0
GW230814_230901,GWTC-4.0,1,1376089759.8,33.6,-2.2,2.8,28.3,-3.0,2.1,61.8,-2.1,2.0,58.9,-1.9,1.9,26.75,-1.0,0.89,280.0,-130.0,170.0,0.06,-0.03,0.03,43.0,,,-0.01,-0.08,0.06,1e-05,0.99,,,,O4a,2.8999999999999986
GW230814_230901,O4_Discovery_Papers,2,1376089759.8,33.7,-2.2,2.9,28.2,-3.1,2.2,61.9,-2.0,2.0,,,,26.8,-1.0,0.9,289.0,-130.0,183.0,0.06,-0.03,0.04,42.13,-0.11,0.07,-0.01,-0.07,0.06,1e-05,,,,,O4a,
GW230817_212349,GWTC-4.0,1,1376342647.1,,,,,,,,,,,,,,,,,,,,,,7.8,,,,,,6.2,0.86,,,,O4a,
GW230819_171910,GWTC-4.0,1,1376500768.4,70.0,-21.0,47.0,35.0,-19.0,20.0,106.0,-22.0,41.0,102.0,-22.0,41.0,42.0,-11.0,14.0,4000.0,-2200.0,3900.0,0.65,-0.31,0.49,9.9,,,-0.04,-0.43,0.36,0.011,0.99,,,,O4a,4.0
GW230820_212515,GWTC-4.0,1,1376601934.0,62.0,-15.0,23.0,34.0,-18.0,18.0,96.0,-16.0,22.0,92.0,-16.0,21.0,38.6,-9.8,11.2,4000.0,-2100.0,3000.0,0.65,-0.3,0.38,9.3,,,0.21,-0.29,0.31,0.24,0.97,,,,O4a,4.0
GW230822_230337,GWTC-4.0,1,1376780635.5,,,,,,,,,,,,,,,,,,,,,,8.3,,,,,,1.5,0.86,,,,O4a,
GW230823_142524,GWTC-4.0,1,1376835942.6,,,,,,,,,,,,,,,,,,,,,,8.8,,,,,,1.6,0.86,,,,O4a,
GW230824_033047,GWTC-4.0,1,1376883065.7,53.0,-11.0,16.0,36.0,-13.0,12.0,88.0,-14.0,19.0,84.0,-13.0,19.0,37.0,-6.3,9.1,4700.0,-2300.0,2900.0,0.74,-0.32,0.36,11.1,,,,,,1e-05,0.99,,,,O4a,4.0
GW230824_135331,GWTC-4.0,1,1376920429.9,,,,,,,,,,,,,,,,,,,,,,9.7,,,,,,6.2,0.58,,,,O4a,
GW230825_041334,GWTC-4.0,1,1376972032.5,43.0,-12.0,17.0,27.3,-8.9,11.9,71.0,-15.0,22.0,67.0,-15.0,20.0,29.4,-6.3,9.4,4900.0,-2900.0,4200.0,0.77,-0.4,0.5,8.8,,,0.28,-0.29,0.25,0.1,0.98,,,,O4a,4.0
GW230830_064744,GWTC-4.0,1,1377413282.2,,,,,,,,,,,,,,,,,,,,,,8.5,,,,,,3.5,0.55,,,,O4a,
GW230831_015414,GWTC-4.0,1,1377482072.1,42.0,-10.0,18.0,30.0,-10.0,12.0,73.0,-15.0,26.0,69.0,-14.0,24.0,30.7,-6.5,10.6,4900.0,-2900.0,4200.0,0.77,-0.4,0.5,8.6,,,0.03,-0.3,0.3,0.29,0.99,,,,O4a,4.0
GW230831_134621,GWTC-4.0,1,1377524799.7,,,,,,,,,,,,,,,,,,,,,,8.8,,,,,,12.0,0.8,,,,O4a,
GW230902_122814,GWTC-4.0,1,1377692912.9,,,,,,,,,,,,,,,,,,,,,,8.1,,,,,,2.0,0.84,,,,O4a,
GW230902_172430,GWTC-4.0,1,1377710688.8,,,,,,,,,,,,,,,,,,,,,,8.5,,,,,,39.0,0.59,,,,O4a,
GW230902_224555,GWTC-4.0,1,1377729973.7,,,,,,,,,,,,,,,,,,,,,,7.5,,,,,,51.0,0.52,,,,O4a,
GW230904_051013,GWTC-4.0,1,1377839431.1,10.6,-1.9,4.1,7.1,-1.9,1.5,17.9,-1.6,2.4,17.1,-1.6,2.5,7.54,-0.6,0.53,1010.0,-420.0,600.0,0.2,-0.08,0.1,10.5,,,0.05,-0.07,0.15,3.9e-05,0.99,,,,O4a,0.7999999999999972
GW230904_152545,GWTC-4.0,1,1377876363.2,,,,,,,,,,,,,,,,,,,,,,9.2,,,,,,18.0,0.74,,,,O4a,
GW230911_195324,GWTC-4.0,1,1378497222.2,33.6,-7.3,8.1,21.7,-5.7,5.6,55.3,-7.0,7.8,53.0,-6.7,7.4,23.1,-3.0,3.4,1370.0,-720.0,1160.0,0.26,-0.13,0.18,11.1,,,-0.03,-0.23,0.19,0.001,0.99,,,,O4a,2.299999999999997
GW230914_111401,GWTC-4.0,1,1378725259.7,59.0,-11.0,12.0,36.0,-12.0,13.0,95.0,-10.0,15.0,90.9,-9.7,14.0,39.6,-6.2,7.5,2700.0,-1200.0,1600.0,0.47,-0.19,0.23,17.2,,,0.12,-0.2,0.19,1e-05,0.99,,,,O4a,4.099999999999994
GW230919_215712,GWTC-4.0,1,1379195850.0,27.3,-3.7,5.5,21.4,-4.3,3.5,49.0,-4.5,4.2,46.5,-4.3,3.9,21.0,-1.9,1.8,1330.0,-500.0,790.0,0.26,-0.09,0.13,16.8,,,0.18,-0.13,0.12,1e-05,0.99,,,,O4a,2.5
GW230920_064709,GWTC-4.0,1,1379227647.3,,,,,,,,,,,,,,,,,,,,,,9.5,,,,,,4.8,0.81,,,,O4a,
GW230920_071124,GWTC-4.0,1,1379229102.7,32.4,-6.2,9.1,23.8,-6.9,6.6,56.4,-8.0,10.2,53.9,-7.6,9.6,23.9,-3.4,4.6,2900.0,-1400.0,1800.0,0.5,-0.21,0.24,11.1,,,,,,1e-05,0.99,,,,O4a,2.5
GW230922_020344,GWTC-4.0,1,1379383442.9,39.3,-6.3,10.0,29.2,-6.2,5.6,68.6,-6.5,8.9,65.4,-6.1,8.4,29.2,-2.6,3.6,1640.0,-730.0,730.0,0.31,-0.12,0.11,13.4,,,0.03,-0.21,0.2,1e-05,0.99,,,,O4a,3.1999999999999886
GW230922_040658,GWTC-4.0,1,1379390836.1,76.0,-18.0,29.0,51.0,-24.0,23.0,125.0,-21.0,37.0,119.0,-21.0,34.0,52.0,-11.0,17.0,6400.0,-3500.0,4100.0,0.96,-0.45,0.47,12.5,,,0.31,-0.32,0.25,1e-05,0.99,,,,O4a,6.0
GW230924_124453,GWTC-4.0,1,1379594711.8,28.8,-4.0,5.9,23.1,-4.4,4.4,51.8,-4.9,7.0,49.3,-4.6,6.6,22.3,-2.1,3.1,2400.0,-1000.0,1000.0,0.42,-0.16,0.15,13.5,,,0.02,-0.18,0.18,1e-05,0.99,,,,O4a,2.5
GW230925_143957,GWTC-4.0,1,1379688015.5,,,,,,,,,,,,,,,,,,,,,,8.0,,,,,,8.2,0.55,,,,O4a,
GW230927_043729,GWTC-4.0,1,1379824667.1,34.9,-6.1,8.7,27.1,-6.5,7.2,61.8,-8.0,12.6,58.9,-7.6,11.9,26.5,-3.5,5.5,3300.0,-1700.0,1700.0,0.55,-0.26,0.23,12.1,,,0.01,-0.22,0.2,1e-05,0.99,,,,O4a,2.8999999999999986
GW230927_153832,GWTC-4.0,1,1379864330.9,21.9,-2.9,3.7,16.5,-2.5,2.6,38.3,-2.2,3.3,36.5,-2.1,3.1,16.36,-0.82,1.42,1180.0,-530.0,380.0,0.23,-0.1,0.06,20.3,,,0.03,-0.08,0.08,1e-05,0.99,,,,O4a,1.7999999999999972
GW230928_215827,GWTC-4.0,1,1379973525.1,54.0,-15.0,19.0,29.0,-11.0,14.0,83.0,-18.0,22.0,79.0,-17.0,21.0,33.6,-7.5,9.9,5000.0,-2500.0,3900.0,0.78,-0.34,0.47,10.5,,,0.4,-0.28,0.2,1.4999999999999999e-05,0.99,,,,O4a,4.0
GW230930_110730,GWTC-4.0,1,1380107268.4,34.4,-7.8,12.9,24.4,-7.4,8.3,59.0,-10.0,15.0,56.3,-9.7,14.2,24.9,-4.2,6.3,4900.0,-2500.0,3200.0,0.77,-0.34,0.38,9.0,,,0.03,-0.27,0.26,0.17,0.99,,,,O4a,2.700000000000003
GW231001_140220,GWTC-4.0,1,1380204158.7,75.0,-22.0,26.0,40.0,-16.0,18.0,115.0,-22.0,32.0,111.0,-21.0,31.0,46.4,-9.9,14.3,4400.0,-2400.0,3800.0,0.71,-0.34,0.47,11.5,,,-0.04,-0.35,0.33,1.6e-05,0.99,,,,O4a,4.0
GW231002_143916,GWTC-4.0,1,1380292774.7,,,,,,,,,,,,,,,,,,,,,,9.4,,,,,,1.0,0.9,,,,O4a,
GW231004_232346,GWTC-4.0,1,1380497044.3,65.0,-19.0,25.0,35.0,-14.0,16.0,100.0,-19.0,28.0,96.0,-19.0,26.0,40.1,-8.5,11.7,4300.0,-2200.0,3600.0,0.69,-0.31,0.44,8.9,,,-0.05,-0.37,0.3,0.16,0.97,,,,O4a,4.0
GW231005_021030,GWTC-4.0,1,1380507049.0,83.0,-23.0,31.0,49.0,-20.0,22.0,132.0,-25.0,37.0,126.0,-24.0,35.0,54.0,-12.0,17.0,6400.0,-3300.0,4700.0,0.95,-0.43,0.54,10.4,,,0.1,-0.37,0.35,0.01,0.99,,,,O4a,6.0
GW231005_091549,GWTC-4.0,1,1380532567.5,28.8,-6.1,10.1,21.2,-6.1,6.4,50.2,-8.3,11.3,48.0,-7.9,10.8,21.3,-3.5,4.8,3800.0,-1900.0,2600.0,0.62,-0.27,0.33,11.0,,,-0.03,-0.26,0.23,0.04,0.99,,,,O4a,2.200000000000003
GW231005_144455,GWTC-4.0,1,1380552313.4,,,,,,,,,,,,,,,,,,,,,,7.3,,,,,,60.0,0.55,,,,O4a,
GW231008_142521,GWTC-4.0,1,1380810339.8,45.0,-12.0,17.0,25.5,-9.7,10.7,71.0,-13.0,16.0,69.0,-13.0,15.0,28.9,-5.6,6.8,3000.0,-1300.0,2500.0,0.51,-0.2,0.33,9.3,,,-0.01,-0.28,0.26,0.0016,0.99,,,,O4a,2.0
GW231013_135504,GWTC-4.0,1,1381240522.4,,,,,,,,,,,,,,,,,,,,,,8.4,,,,,,64.0,0.54,,,,O4a,
GW231014_040532,GWTC-4.0,1,1381291551.0,20.6,-4.0,7.8,14.7,-4.3,3.9,35.5,-4.6,7.0,33.8,-4.3,6.6,15.0,-1.9,2.7,2300.0,-1200.0,1400.0,0.42,-0.2,0.2,9.0,,,0.17,-0.28,0.26,0.21,0.96,,,,O4a,1.7000000000000028
GW231018_233037,GWTC-4.0,1,1381707055.0,11.6,-2.5,4.9,7.2,-2.0,1.9,19.1,-2.0,3.3,18.2,-2.0,3.3,7.9,-0.68,0.88,1530.0,-730.0,760.0,0.29,-0.13,0.12,9.1,,,0.01,-0.13,0.17,0.68,0.93,,,,O4a,0.9000000000000021
GW231020_142947,GWTC-4.0,1,1381847405.6,12.1,-2.7,9.1,7.3,-2.9,2.1,19.8,-2.1,6.0,18.9,-2.0,6.3,8.06,-0.53,0.81,1230.0,-630.0,520.0,0.24,-0.11,0.09,12.0,,,0.15,-0.12,0.25,1e-05,0.99,,,,O4a,0.9000000000000021
GW231026_130704,GWTC-4.0,1,1382360842.2,,,,,,,,,,,,,,,,,,,,,,8.3,,,,,,1.7,0.93,,,,O4a,
GW231028_153006,GWTC-4.0,1,1382542224.3,95.0,-20.0,33.0,58.0,-25.0,21.0,152.0,-14.0,29.0,144.0,-13.0,27.0,63.0,-10.0,13.0,4100.0,-1900.0,1400.0,0.67,-0.27,0.18,22.4,,,0.44,-0.2,0.16,1e-05,0.99,,,,O4a,8.0
GW231029_111508,GWTC-4.0,1,1382613326.8,65.0,-14.0,17.0,42.0,-15.0,15.0,106.0,-16.0,22.0,101.0,-15.0,21.0,44.2,-8.0,10.5,3100.0,-1700.0,2400.0,0.53,-0.25,0.32,10.8,,,0.14,-0.24,0.24,5.2000000000000004e-05,0.99,,,,O4a,5.0
GW231102_052214,GWTC-4.0,1,1382937752.4,,,,,,,,,,,,,,,,,,,,,,7.9,,,,,,4.0,0.72,,,,O4a,
GW231102_071736,GWTC-4.0,1,1382944674.4,61.0,-12.0,14.0,43.0,-13.0,13.0,102.0,-13.0,21.0,98.0,-12.0,19.0,43.4,-6.3,9.3,3800.0,-1800.0,2100.0,0.63,-0.26,0.26,15.6,,,0.06,-0.22,0.23,1e-05,0.99,,,,O4a,4.0
GW231102_232433,GWTC-4.0,1,1383002691.5,,,,,,,,,,,,,,,,,,,,,,7.6,,,,,,2.5,0.8,,,,O4a,
GW231104_133418,GWTC-4.0,1,1383140076.9,12.3,-2.1,4.5,8.6,-2.2,1.8,21.0,-1.7,2.8,20.0,-1.7,2.8,8.84,-0.56,0.87,1470.0,-660.0,540.0,0.28,-0.11,0.09,11.8,,,0.14,-0.07,0.12,1e-05,0.99,,,,O4a,1.0
GW231108_125142,GWTC-4.0,1,1383483120.5,23.2,-3.6,5.5,17.4,-3.1,3.2,40.6,-3.3,5.1,38.8,-3.2,4.9,17.3,-1.3,2.1,2060.0,-910.0,730.0,0.37,-0.15,0.11,12.6,,,-0.08,-0.15,0.13,1e-05,0.99,,,,O4a,1.8000000000000043
GW231110_040320,GWTC-4.0,1,1383624218.2,19.5,-4.1,5.8,12.5,-2.9,3.1,32.2,-3.4,4.3,30.6,-3.3,4.2,13.4,-1.2,1.7,1890.0,-910.0,870.0,0.35,-0.15,0.13,11.5,,,0.17,-0.12,0.13,1e-05,0.99,,,,O4a,1.6000000000000014
GW231113_122623,GWTC-4.0,1,1383913601.9,39.7,-9.6,17.3,26.4,-9.4,9.0,67.0,-13.0,16.0,63.0,-12.0,15.0,27.9,-5.5,6.3,3400.0,-1700.0,2400.0,0.57,-0.25,0.31,8.6,,,0.33,-0.33,0.25,0.28,0.99,,,,O4a,4.0
GW231113_150041,GWTC-4.0,1,1383922859.4,,,,,,,,,,,,,,,,,,,,,,8.7,,,,,,1.7999999999999998,0.96,,,,O4a,
GW231113_200417,GWTC-4.0,1,1383941075.9,11.5,-2.3,5.1,7.4,-2.0,1.8,19.2,-1.9,3.1,18.3,-1.9,3.2,8.01,-0.64,0.68,1160.0,-530.0,640.0,0.23,-0.1,0.11,10.5,,,0.13,-0.08,0.14,3.8e-05,0.99,,,,O4a,0.8999999999999986
GW231114_043211,GWTC-4.0,1,1383971549.2,22.7,-6.4,9.6,8.2,-2.2,2.6,31.0,-4.8,7.6,30.0,-4.8,7.8,11.6,-1.1,1.1,1380.0,-610.0,870.0,0.26,-0.11,0.14,10.0,,,0.08,-0.16,0.22,0.00013,0.99,,,,O4a,1.0
GW231118_005626,GWTC-4.0,1,1384304204.8,19.8,-4.9,6.6,10.9,-2.4,3.3,30.9,-3.6,5.3,29.3,-3.6,5.3,12.6,-1.1,1.6,2190.0,-970.0,930.0,0.39,-0.16,0.14,10.7,,,0.37,-0.11,0.1,1e-05,0.99,,,,O4a,1.5999999999999979
GW231118_071402,GWTC-4.0,1,1384326860.2,43.0,-10.0,15.0,29.0,-10.0,11.0,72.0,-14.0,18.0,69.0,-13.0,17.0,30.4,-6.1,7.9,4300.0,-2200.0,3500.0,0.69,-0.32,0.43,9.2,,,0.11,-0.28,0.29,0.0028,0.99,,,,O4a,3.0
GW231118_090602,GWTC-4.0,1,1384333580.0,13.1,-3.3,13.7,7.3,-3.3,2.1,20.7,-2.3,10.2,19.7,-2.3,10.6,8.37,-0.56,0.76,1350.0,-600.0,540.0,0.26,-0.11,0.09,11.0,,,0.08,-0.09,0.36,1e-05,0.99,,,,O4a,1.0
GW231119_075248,GWTC-4.0,1,1384415586.1,49.0,-13.0,23.0,33.0,-13.0,15.0,82.0,-18.0,29.0,79.0,-18.0,27.0,34.4,-7.8,12.4,6700.0,-3700.0,5500.0,0.99,-0.48,0.62,8.3,,,,,,0.019,0.99,,,,O4a,3.0
GW231120_022103,GWTC-4.0,1,1384482081.0,,,,,,,,,,,,,,,,,,,,,,10.0,,,,,,3.8000000000000003,0.9,,,,O4a,
GW231123_135430,O4_Discovery_Papers,1,1384782888.6,137.0,-18.0,23.0,101.0,-50.0,22.0,236.0,-47.0,30.0,222.0,-42.0,28.0,,,,2200.0,-1500.0,1900.0,0.4,-0.25,0.27,20.7,-0.3,0.2,0.32,-0.41,0.25,0.0001,,,,,O4a,14.0
GW231123_135430,GWTC-4.0,2,1384782888.7,137.0,-18.0,23.0,101.0,-51.0,22.0,236.0,-48.0,29.0,222.0,-42.0,27.0,101.0,-30.0,13.0,2200.0,-1500.0,2000.0,0.39,-0.25,0.28,21.8,,,0.31,-0.41,0.25,1e-05,0.99,,,,O4a,14.0
GW231126_010928,GWTC-4.0,1,1384996186.3,,,,,,,,,,,,,,,,,,,,,,9.1,,,,,,4.2,0.86,,,,O4a,
GW231127_165300,GWTC-4.0,1,1385139198.9,45.0,-12.0,18.0,29.0,-12.0,12.0,74.0,-15.0,22.0,71.0,-14.0,21.0,30.5,-6.7,9.5,4500.0,-2500.0,3600.0,0.71,-0.35,0.44,9.9,,,0.05,-0.32,0.3,0.01,0.99,,,,O4a,3.0
GW231129_081745,GWTC-4.0,1,1385281083.6,45.0,-13.0,15.0,23.8,-8.2,10.0,69.0,-14.0,18.0,66.0,-14.0,17.0,27.7,-5.7,7.7,3800.0,-2100.0,3600.0,0.63,-0.31,0.45,9.4,,,0.02,-0.26,0.27,0.056,0.99,,,,O4a,3.0
GW231204_090648,GWTC-4.0,1,1385716026.9,,,,,,,,,,,,,,,,,,,,,,8.4,,,,,,3.5999999999999996,0.54,,,,O4a,
GW231206_010629,GWTC-4.0,1,1385860007.2,,,,,,,,,,,,,,,,,,,,,,9.7,,,,,,6.8999999999999995,0.58,,,,O4a,
GW231206_233134,GWTC-4.0,1,1385940712.5,35.6,-6.3,9.1,28.1,-7.1,7.5,63.5,-8.8,13.4,60.6,-8.4,12.7,27.2,-3.9,5.9,3200.0,-1800.0,1800.0,0.54,-0.27,0.25,12.8,,,-0.09,-0.24,0.22,1e-05,0.99,,,,O4a,2.8999999999999986
GW231206_233901,GWTC-4.0,1,1385941159.5,37.6,-4.6,6.6,28.4,-6.0,5.4,66.0,-3.7,5.3,63.1,-3.4,5.0,28.1,-1.7,2.7,1490.0,-490.0,340.0,0.28,-0.08,0.05,21.9,,,-0.05,-0.15,0.14,1e-05,0.99,,,,O4a,2.8999999999999986
GW231213_111417,GWTC-4.0,1,1386501275.9,35.5,-6.7,10.3,27.2,-7.5,8.1,62.5,-9.3,14.3,59.5,-8.8,13.4,26.7,-4.2,6.3,4000.0,-2000.0,2300.0,0.65,-0.29,0.3,10.4,,,0.06,-0.23,0.24,1e-05,0.99,,,,O4a,3.0
GW231220_173406,GWTC-4.0,1,1387128864.2,,,,,,,,,,,,,,,,,,,,,,7.9,,,,,,6.2,0.77,,,,O4a,
GW231221_135041,GWTC-4.0,1,1387201859.3,47.0,-13.0,21.0,28.0,-13.0,13.0,76.0,-15.0,21.0,72.0,-15.0,20.0,30.7,-6.8,9.5,4600.0,-2500.0,3700.0,0.73,-0.36,0.45,10.0,,,0.01,-0.38,0.36,0.54,0.96,,,,O4a,4.0
GW231223_032836,GWTC-4.0,1,1387337334.1,46.0,-11.0,16.0,31.0,-14.0,12.0,76.0,-13.0,18.0,73.0,-13.0,17.0,31.8,-7.0,8.6,4200.0,-2100.0,3100.0,0.67,-0.3,0.39,10.2,,,-0.15,-0.37,0.33,0.00038,0.99,,,,O4a,3.0
GW231223_075055,GWTC-4.0,1,1387353073.3,11.9,-2.8,6.8,6.8,-2.1,2.0,19.0,-2.0,4.6,18.1,-1.9,4.8,7.79,-0.59,0.58,970.0,-430.0,580.0,0.19,-0.08,0.1,9.4,,,0.06,-0.12,0.22,0.55,0.98,,,,O4a,0.8999999999999986
GW231223_202619,GWTC-4.0,1,1387398397.0,11.1,-1.6,3.8,8.3,-1.9,1.4,19.6,-1.5,2.2,18.7,-1.5,2.2,8.36,-0.57,0.66,890.0,-440.0,490.0,0.18,-0.08,0.08,10.0,,,0.1,-0.11,0.13,0.002,0.99,,,,O4a,0.9000000000000021
GW231224_024321,GWTC-4.0,1,1387421020.0,9.3,-1.1,2.2,7.3,-1.3,1.0,16.66,-0.78,1.29,15.89,-0.76,1.26,7.13,-0.29,0.48,950.0,-400.0,290.0,0.19,-0.07,0.05,14.0,,,-0.01,-0.06,0.08,1e-05,0.99,,,,O4a,0.7699999999999996
GW231226_101520,GWTC-4.0,1,1387620938.3,40.1,-2.9,4.4,35.0,-4.9,3.2,74.8,-3.0,4.1,71.4,-2.8,3.8,32.4,-1.4,1.8,1180.0,-350.0,240.0,0.23,-0.06,0.04,34.7,,,-0.09,-0.1,0.09,1e-05,0.99,,,,O4a,3.3999999999999915
GW231230_170116,GWTC-4.0,1,1387990895.0,54.0,-15.0,50.0,35.0,-14.0,15.0,89.0,-20.0,49.0,85.0,-19.0,47.0,36.9,-8.4,14.3,5700.0,-3200.0,4800.0,0.87,-0.43,0.56,8.2,,,-0.19,-0.35,0.34,0.42,0.96,,,,O4a,4.0
GW231231_120147,GWTC-4.0,1,1388059325.6,,,,,,,,,,,,,,,,,,,,,,11.3,,,,,,4.5,0.86,,,,O4a,
GW231231_154016,GWTC-4.0,1,1388072434.7,22.5,-3.3,5.7,17.2,-3.2,2.9,39.9,-3.4,4.1,38.1,-3.2,4.0,17.1,-1.4,1.6,1070.0,-530.0,600.0,0.21,-0.1,0.1,13.4,,,-0.03,-0.12,0.12,1e-05,0.99,,,,O4a,1.7999999999999972
GW240104_164932,GWTC-4.0,1,1388422190.6,42.3,-6.7,9.4,32.1,-8.0,7.5,74.3,-8.5,11.4,70.6,-7.9,10.7,31.8,-3.9,5.1,1910.0,-950.0,1090.0,0.35,-0.16,0.16,14.8,,,0.09,-0.19,0.19,1e-05,0.99,,,,O4a,3.700000000000003
GW240105_151143,GWTC-4.0,1,1388502721.2,,,,,,,,,,,,,,,,,,,,,,25.9,,,,,,3.3,0.7,,,,O4a,
GW240107_013215,GWTC-4.0,1,1388626353.7,59.0,-18.0,27.0,32.0,-16.0,20.0,91.0,-20.0,29.0,87.0,-19.0,28.0,36.2,-9.5,14.0,5800.0,-3200.0,4800.0,0.87,-0.43,0.56,9.6,,,0.3,-0.36,0.3,0.028,0.99,,,,O4a,4.0
GW240109_050431,GWTC-4.0,1,1388811889.8,28.8,-6.2,7.5,18.1,-4.1,4.8,47.1,-5.7,6.7,45.1,-5.5,6.5,19.6,-2.2,2.7,1510.0,-770.0,1010.0,0.29,-0.13,0.16,10.4,,,-0.07,-0.23,0.2,0.00022999999999999998,0.99,,,,O4a,2.0
GW241011_233834,O4_Discovery_Papers,1,1412725132.9,19.6,-2.5,3.6,5.9,-0.8,0.8,,,,,,,9.1,-0.1,0.1,214.0,-48.0,44.0,,,,,,,0.49,-0.07,0.06,1e-05,,,,,O4a,
GW241110_124123,O4_Discovery_Papers,1,1415277701.7,17.2,-4.4,5.0,7.7,-1.5,2.2,,,,,,,9.8,-0.4,0.5,736.0,-267.0,270.0,,,,,,,-0.28,-0.2,0.23,0.00063,,,,,O4a,
GW250114_082203,O4_Discovery_Papers,1,1420878141.2,33.6,-0.8,1.2,32.2,-1.3,0.8,65.8,-1.2,1.1,62.7,-1.1,1.0,28.6,-0.5,0.5,403.0,-70.0,74.0,0.09,-0.01,0.01,,,,-0.03,-0.04,0.03,,,,,,O4a,3.0999999999999943
