event_name,catalog,observing_run,m1_solar,m2_solar,M_total_solar,energy_radiated,luminosity_distance_Mpc,snr,epsilon_max,final_state,mode_parity
GW150914,GWTC-2.1-confident,O1,34.6,30.0,64.5,3.0,470.0,26.0,0.30788013813439297,Klein_extrema,0
GW151012,GWTC-2.1-confident,O1,24.8,13.6,38.8,1.6999999999999955,1000.0,9.3,0.2195276922781049,Klein_deformada,0
GW170608,GWTC-2.1-confident,O2,10.6,7.8,18.5,0.8000000000000007,340.0,15.3,0.12315018296703631,Klein_relajada,-1
GW190412_053044,GWTC-2.1-confident,O3b,27.7,9.0,36.8,1.1999999999999955,720.0,19.8,0.16874034563859466,Klein_deformada,-1
GW170814,GWTC-2.1-confident,O2,30.9,24.9,56.0,2.799999999999997,610.0,17.7,0.29672944484873476,Klein_deformada,0
GW190521_030229,GWTC-2.1-confident,O3b,98.4,57.2,153.1,5.699999999999989,3310.0,14.3,0.40881616640077495,Klein_extrema,1
GW151226,GWTC-2.1-confident,O1,14.2,7.5,21.7,1.0,460.0,12.7,0.14697613460546777,Klein_relajada,-1
GW190425_081805,GWTC-2.1-confident,O3b,2.1,1.3,3.4,0.17,150.0,12.4,0.030758639127608668,Klein_relajada,-1
GW170104,GWTC-2.1-confident,O2,28.7,20.8,49.6,2.1000000000000014,1110.0,13.8,0.25121773743129533,Klein_deformada,0
GW190814_211039,GWTC-2.1-confident,O3b,23.3,2.6,25.9,0.1999999999999993,230.0,25.3,0.035886958180880564,Klein_relajada,-1
GW170818,GWTC-2.1-confident,O2,34.8,27.6,62.5,2.799999999999997,1080.0,12.0,0.29672944484873476,Klein_deformada,0
GW190413_134308,GWTC-2.1-confident,O3b,51.3,30.4,81.3,3.299999999999997,3800.0,10.6,0.32193898866460297,Klein_extrema,1
GW170823,GWTC-2.1-confident,O2,38.3,29.0,67.0,3.1000000000000014,1970.0,12.2,0.3117866223246802,Klein_extrema,1
GW190413_052954,GWTC-2.1-confident,O3b,33.7,24.2,58.0,2.5,3320.0,9.0,0.2785618683954423,Klein_deformada,0
GW190408_181802,GWTC-2.1-confident,O3b,24.8,18.5,43.4,2.0,1540.0,14.6,0.24374085067498738,Klein_deformada,0
GW190503_185404,GWTC-2.1-confident,O3b,41.3,28.3,69.4,2.9000000000000057,1520.0,12.2,0.3023918486195231,Klein_extrema,0
GW190421_213856,GWTC-2.1-confident,O3b,42.0,32.0,73.6,3.0999999999999943,2590.0,10.7,0.3117866249203234,Klein_extrema,1
GW170809,GWTC-2.1-confident,O2,34.1,24.2,58.5,2.799999999999997,1070.0,12.8,0.29672944484873476,Klein_deformada,0
GW170729,GWTC-2.1-confident,O2,54.7,30.2,84.4,4.1000000000000085,2490.0,10.7,0.3571068069554424,Klein_extrema,1
GW190719_215514,GWTC-2.1-confident,O3b,36.6,19.9,57.2,2.700000000000003,3730.0,7.9,0.29087432607114705,Klein_deformada,0
GW190720_000836,GWTC-2.1-confident,O3b,14.2,7.5,21.8,1.0,770.0,10.9,0.14697613460546777,Klein_relajada,-1
GW190514_065416,GWTC-2.1-confident,O3b,40.9,28.4,69.3,2.8999999999999915,3890.0,8.0,0.30239184861952245,Klein_extrema,0
GW190512_180714,GWTC-2.1-confident,O3b,23.2,12.5,35.8,1.5,1460.0,12.7,0.201715782852015,Klein_deformada,0
GW190517_055101,GWTC-2.1-confident,O3b,39.2,24.0,64.1,3.999999999999993,1790.0,10.8,0.3531287701093578,Klein_extrema,1
GW190519_153544,GWTC-2.1-confident,O3b,65.1,40.8,105.6,5.599999999999994,2600.0,15.9,0.40612520841891225,Klein_extrema,1
GW190521_074359,GWTC-2.1-confident,O3b,43.4,33.4,76.3,3.700000000000003,1080.0,25.9,0.34051876649594787,Klein_extrema,1
GW190513_205428,GWTC-2.1-confident,O3b,36.0,18.3,54.4,2.299999999999997,2210.0,12.5,0.265375184437979,Klein_deformada,0
GW190602_175927,GWTC-2.1-confident,O3b,71.8,44.8,115.6,5.099999999999994,2840.0,13.2,0.3917164948207538,Klein_extrema,1
GW190620_030421,GWTC-2.1-confident,O3b,58.0,35.0,92.7,4.700000000000003,2910.0,12.1,0.37890283148713316,Klein_extrema,1
GW190630_185205,GWTC-2.1-confident,O3b,35.1,24.0,59.4,2.799999999999997,870.0,16.4,0.29672944484873476,Klein_deformada,0
GW190701_203306,GWTC-2.1-confident,O3b,54.1,40.5,94.3,4.099999999999994,2090.0,11.2,0.3571068137199486,Klein_extrema,1
GW190706_222641,GWTC-2.1-confident,O3b,74.0,39.4,112.6,5.299999999999997,3630.0,13.4,0.39767957221252875,Klein_extrema,1
GW190707_093326,GWTC-2.1-confident,O3b,12.1,7.9,20.1,0.9000000000000021,850.0,13.1,0.13533876787793003,Klein_relajada,-1
GW190708_232457,GWTC-2.1-confident,O3b,19.8,11.6,31.4,1.2999999999999972,930.0,13.4,0.17893115596143797,Klein_deformada,-1
GW190527_092055,GWTC-2.1-confident,O3b,35.6,22.2,58.1,2.6000000000000014,2520.0,8.0,0.2848218503983686,Klein_deformada,0
GW190924_021846,GWTC-2.1-confident,O3b,8.8,5.1,13.9,0.5999999999999996,550.0,12.0,0.09695495236877742,Klein_relajada,-1
GW190915_235702,GWTC-2.1-confident,O3b,32.6,24.5,57.2,2.5,1750.0,13.1,0.2785618683954423,Klein_deformada,0
GW190728_064510,GWTC-2.1-confident,O3b,12.5,8.0,20.7,1.0,880.0,13.1,0.14697613460546777,Klein_relajada,-1
GW190727_060333,GWTC-2.1-confident,O3b,38.9,30.2,68.8,3.3999999999999915,3070.0,11.7,0.32678998698197237,Klein_extrema,1
GW190803_022701,GWTC-2.1-confident,O3b,37.7,27.6,65.0,2.8999999999999986,3190.0,9.3,0.30239184861952284,Klein_extrema,0
GW190731_140936,GWTC-2.1-confident,O3b,41.8,29.0,70.7,3.299999999999997,3330.0,8.8,0.32193898866460297,Klein_extrema,1
GW190828_065509,GWTC-2.1-confident,O3b,23.7,10.4,34.3,1.2999999999999972,1540.0,10.2,0.17893115596143797,Klein_deformada,-1
GW190828_063405,GWTC-2.1-confident,O3b,31.9,25.8,57.2,2.9000000000000057,2070.0,16.5,0.3023918486195231,Klein_extrema,0
GW190910_112807,GWTC-2.1-confident,O3b,43.8,34.2,78.0,3.5999999999999943,1520.0,14.5,0.3360739569637498,Klein_extrema,1
GW200115_042309,GWTC-3-confident,O3a,5.9,1.44,7.4,0.2000000000000001,290.0,11.3,0.03588695906682045,Klein_relajada,-1
GW230814_230901,O4_Discovery_Papers,O4a,33.7,28.2,61.9,3.095,289.0,42.13,0.31152476225620884,Klein_extrema,1
GW231123_135430,GWTC-4.0,O4a,137.0,101.0,236.0,14.0,2200.0,21.8,0.5241104288995349,Klein_extrema,1
GW230529_181500,GWTC-4.0,O4a,3.66,1.42,5.08,0.254,202.0,11.8,0.04490700657869781,Klein_relajada,-1
GW190929_012149,GWTC-2.1-confident,O3b,66.3,26.8,93.3,3.0,3130.0,9.7,0.30788013813439297,Klein_extrema,0
GW190930_133541,GWTC-2.1-confident,O3b,14.2,6.9,21.2,1.0,770.0,9.7,0.14697613460546777,Klein_relajada,-1
GW190403_051519,GWTC-2.1-confident,O3b,85.0,20.0,106.6,4.399999999999992,8280.0,7.6,0.36842598684347583,Klein_extrema,1
GW190925_232845,GWTC-2.1-confident,O3b,20.8,15.5,36.7,1.8000000000000045,930.0,9.7,0.22791318941673067,Klein_deformada,0
GW190917_114630,GWTC-2.1-confident,O3b,9.7,2.1,11.8,0.200000000000001,720.0,8.3,0.03588695038297418,Klein_relajada,-1
GW190916_200658,GWTC-2.1-confident,O3b,43.8,23.3,68.0,3.0,4940.0,8.1,0.30788013813439297,Klein_extrema,0
GW190805_211137,GWTC-2.1-confident,O3b,46.2,30.6,76.7,4.299999999999997,6130.0,8.1,0.3647514077785668,Klein_extrema,1
GW190725_174728,GWTC-2.1-confident,O3b,11.8,6.3,18.3,0.6999999999999993,1030.0,9.1,0.11037027933467074,Klein_relajada,-1
GW190426_190642,GWTC-2.1-confident,O3b,105.5,76.0,182.3,9.400000000000006,4580.0,8.7,0.4787368336354753,Klein_extrema,1
GW191105_143521,GWTC-3-confident,O3b,10.7,7.7,18.5,0.8999999999999986,1150.0,9.7,0.13533876473784778,Klein_relajada,-1
GW191109_010717,GWTC-3-confident,O3b,65.0,47.0,112.0,5.0,1290.0,17.3,0.38862799783970886,Klein_extrema,1
GW191127_050227,GWTC-3-confident,O3b,53.0,24.0,80.0,4.0,3400.0,9.2,0.3531287701087048,Klein_extrema,1
GW191129_134029,GWTC-3-confident,O3b,10.7,6.7,17.5,0.6999999999999993,790.0,13.1,0.11037027933467074,Klein_relajada,-1
GW191204_110529,GWTC-3-confident,O3b,27.3,19.2,47.1,2.1000000000000014,1900.0,8.9,0.25121773743129533,Klein_deformada,0
GW191204_171526,GWTC-3-confident,O3b,11.7,8.4,20.19,1.0100000000000016,640.0,17.4,0.14811100441029343,Klein_relajada,-1
GW191215_223052,GWTC-3-confident,O3b,24.9,18.1,43.3,1.8999999999999984,1930.0,11.2,0.23597823395769385,Klein_deformada,0
GW191216_213338,GWTC-3-confident,O3b,12.1,7.7,19.8,0.9299999999999996,340.0,18.6,0.13888612469071726,Klein_relajada,-1
GW191113_071753,GWTC-3-confident,O3b,29.0,5.9,34.5,0.5,1370.0,7.9,0.0828556044423297,Klein_relajada,-1
GW190926_050336,GWTC-2.1-confident,O3b,41.1,20.4,61.9,2.299999999999997,3280.0,8.1,0.265375184437979,Klein_deformada,0
GW191222_033537,GWTC-3-confident,O3b,45.1,34.7,79.0,3.5,3000.0,12.5,0.33149961087383256,Klein_extrema,1
GW191230_180458,GWTC-3-confident,O3b,49.4,37.0,86.0,4.0,4300.0,10.4,0.3531287701087048,Klein_extrema,1
GW200112_155838,GWTC-3-confident,O3a,35.6,28.3,63.9,3.1000000000000014,1250.0,19.8,0.3117866223246802,Klein_extrema,1
GW200128_022011,GWTC-3-confident,O3a,42.2,32.6,75.0,4.0,3400.0,10.6,0.3531287701087048,Klein_extrema,1
GW200129_065458,GWTC-3-confident,O3a,34.5,29.0,63.3,3.0999999999999943,890.0,26.8,0.3117866249203234,Klein_extrema,1
GW200202_154313,GWTC-3-confident,O3a,10.1,7.3,17.58,0.8199999999999967,410.0,10.8,0.12563386805789317,Klein_relajada,-1
GW200208_130117,GWTC-3-confident,O3a,37.7,27.4,65.3,2.799999999999997,2230.0,10.8,0.29672944484873476,Klein_deformada,0
GW200208_222617,GWTC-3-confident,O3a,51.0,12.3,63.0,2.0,4100.0,7.4,0.24374085067498738,Klein_deformada,0
GW200209_085452,GWTC-3-confident,O3a,35.6,27.1,62.6,2.700000000000003,3400.0,9.6,0.29087432607114705,Klein_deformada,0
GW200210_092254,GWTC-3-confident,O3a,24.1,2.83,27.0,0.3000000000000007,940.0,8.4,0.05238433903380231,Klein_relajada,-1
GW200216_220804,GWTC-3-confident,O3a,51.0,30.0,81.0,3.0,3800.0,8.1,0.30788013813439297,Klein_extrema,0
GW200219_094415,GWTC-3-confident,O3a,37.5,27.9,65.0,2.799999999999997,3400.0,10.7,0.29672944484873476,Klein_deformada,0
GW200220_061928,GWTC-3-confident,O3a,87.0,61.0,148.0,7.0,6000.0,7.2,0.4390725056493009,Klein_extrema,1
GW200220_124850,GWTC-3-confident,O3a,38.9,27.9,67.0,3.0,4000.0,8.5,0.30788013813439297,Klein_extrema,0
GW191219_163120,GWTC-3-confident,O3b,31.1,1.17,32.3,0.0999999999999943,550.0,9.1,0.01845287360515968,Klein_relajada,-1
GW191103_012549,GWTC-3-confident,O3b,11.8,7.9,20.0,1.0,990.0,8.9,0.14697613460546777,Klein_relajada,-1
GW200225_060421,GWTC-3-confident,O3a,19.3,14.0,33.5,1.3999999999999986,1150.0,12.5,0.18869932929728556,Klein_deformada,-1
GW200302_015811,GWTC-3-confident,O3a,37.8,20.0,57.8,2.299999999999997,1480.0,10.8,0.265375184437979,Klein_deformada,0
GW200308_173609,GWTC-3-confident,O3a,60.0,24.0,92.0,4.0,7100.0,4.7,0.3531287701087048,Klein_extrema,1
GW200306_093714,GWTC-3-confident,O3a,28.3,14.8,43.9,2.199999999999996,2100.0,7.8,0.258424385043903,Klein_deformada,0
GW200311_115853,GWTC-3-confident,O3a,34.2,27.7,61.9,2.8999999999999986,1170.0,17.8,0.30239184861952284,Klein_extrema,0
GW200316_215756,GWTC-3-confident,O3a,13.1,7.8,21.2,1.0,1120.0,10.3,0.14697613460546777,Klein_relajada,-1
GW200322_091133,GWTC-3-confident,O3a,38.0,11.3,50.0,2.0,3500.0,4.5,0.24374085067498738,Klein_deformada,0
GW230518_125908,GWTC-4.0,O4a,8.17,1.45,9.61,0.4805,236.0,14.1,0.08002205221030637,Klein_relajada,-1
GW230601_224134,GWTC-4.0,O4a,64.0,44.0,107.0,5.0,3700.0,13.4,0.38862799783970886,Klein_extrema,1
GW230605_065343,GWTC-4.0,O4a,17.2,11.1,28.6,1.3000000000000007,1060.0,11.4,0.17893116041268914,Klein_deformada,-1
GW230606_004305,GWTC-4.0,O4a,37.6,25.8,63.4,2.699999999999996,2700.0,11.1,0.2908743260711466,Klein_deformada,0
GW230608_205047,GWTC-4.0,O4a,48.0,31.0,79.0,4.0,3500.0,10.2,0.3531287701087048,Klein_extrema,1
GW230609_064958,GWTC-4.0,O4a,35.3,25.2,60.3,2.5,3400.0,10.6,0.2785618683954423,Klein_deformada,0
GW230624_113103,GWTC-4.0,O4a,27.2,16.1,43.8,2.0,1940.0,11.4,0.24374085067498738,Klein_deformada,0
GW230627_015337,GWTC-4.0,O4a,8.4,5.79,14.19,0.6500000000000004,305.0,28.7,0.10374496939959388,Klein_relajada,-1
GW230628_231200,GWTC-4.0,O4a,32.5,27.1,59.3,2.799999999999997,2250.0,16.4,0.29672944484873476,Klein_deformada,0
GW230630_125806,GWTC-4.0,O4a,51.0,33.0,84.0,4.0,5400.0,9.0,0.3531287701087048,Klein_extrema,1
GW230630_234532,GWTC-4.0,O4a,10.0,6.6,16.8,0.6999999999999993,1080.0,9.9,0.11037027933467074,Klein_relajada,-1
GW230702_185453,GWTC-4.0,O4a,40.0,18.0,60.0,3.0,2400.0,10.1,0.30788013813439297,Klein_extrema,0
GW230704_021211,GWTC-4.0,O4a,32.4,19.9,52.7,2.200000000000003,2700.0,9.4,0.2584243850439036,Klein_deformada,0
GW230704_212616,GWTC-4.0,O4a,89.0,49.0,139.0,7.0,7200.0,8.7,0.4390725056493009,Klein_extrema,1
GW230706_104333,GWTC-4.0,O4a,16.3,11.5,27.9,1.3999999999999986,1930.0,9.2,0.18869932929728556,Klein_deformada,-1
GW230707_124047,GWTC-4.0,O4a,46.1,36.4,82.0,4.0,4500.0,11.9,0.3531287701087048,Klein_extrema,1
GW230708_053705,GWTC-4.0,O4a,29.1,22.8,51.9,2.5,3300.0,8.9,0.2785618683954423,Klein_deformada,0
GW230708_230935,GWTC-4.0,O4a,64.0,39.0,103.0,4.0,3500.0,10.0,0.3531287701087048,Klein_extrema,1
GW230709_122727,GWTC-4.0,O4a,45.0,30.0,74.0,3.0,4600.0,10.2,0.30788013813439297,Klein_extrema,0
GW230712_090405,GWTC-4.0,O4a,32.0,13.1,46.0,1.0,2000.0,9.5,0.14697613460546777,Klein_relajada,-1
GW230723_101834,GWTC-4.0,O4a,16.7,10.6,27.5,1.1000000000000014,1610.0,10.1,0.15809886189571995,Klein_deformada,-1
GW230726_002940,GWTC-4.0,O4a,35.6,27.9,63.6,3.0,2000.0,10.5,0.30788013813439297,Klein_extrema,0
GW200224_222234,GWTC-3-confident,O3a,40.0,32.7,72.3,3.5999999999999943,1710.0,20.0,0.3360739569637498,Klein_extrema,1
GW191126_115259,GWTC-3-confident,O3b,12.1,8.3,20.7,1.099999999999998,1620.0,8.3,0.1580988597863465,Klein_deformada,-1
GW230731_215307,GWTC-4.0,O4a,10.4,7.8,18.3,0.9000000000000021,1110.0,12.2,0.13533876787793003,Klein_relajada,-1
GW230729_082317,GWTC-4.0,O4a,12.3,7.6,20.3,0.9000000000000021,1630.0,9.5,0.13533876787793003,Klein_relajada,-1
GW230806_204041,GWTC-4.0,O4a,51.0,35.0,85.0,4.0,5500.0,9.4,0.3531287701087048,Klein_extrema,1
GW230803_033412,GWTC-4.0,O4a,45.0,29.0,74.0,4.0,4900.0,9.4,0.3531287701087048,Klein_extrema,1
GW230811_032116,GWTC-4.0,O4a,35.6,22.1,57.9,2.6000000000000014,2100.0,13.6,0.2848218503983686,Klein_deformada,0
GW230814_061920,GWTC-4.0,O4a,69.0,42.0,110.0,5.0,4000.0,11.2,0.38862799783970886,Klein_extrema,1
GW230805_034249,GWTC-4.0,O4a,32.1,22.6,54.9,2.5,3500.0,9.5,0.2785618683954423,Klein_deformada,0
GW230820_212515,GWTC-4.0,O4a,62.0,34.0,96.0,4.0,4000.0,9.3,0.3531287701087048,Klein_extrema,1
GW230824_033047,GWTC-4.0,O4a,53.0,36.0,88.0,4.0,4700.0,11.1,0.3531287701087048,Klein_extrema,1
GW230825_041334,GWTC-4.0,O4a,43.0,27.3,71.0,4.0,4900.0,8.8,0.3531287701087048,Klein_extrema,1
GW230831_015414,GWTC-4.0,O4a,42.0,30.0,73.0,4.0,4900.0,8.6,0.3531287701087048,Klein_extrema,1
GW230904_051013,GWTC-4.0,O4a,10.6,7.1,17.9,0.7999999999999972,1010.0,10.5,0.12315018334007945,Klein_relajada,-1
GW230911_195324,GWTC-4.0,O4a,33.6,21.7,55.3,2.299999999999997,1370.0,11.1,0.265375184437979,Klein_deformada,0
GW230914_111401,GWTC-4.0,O4a,59.0,36.0,95.0,4.099999999999994,2700.0,17.2,0.3571068137199486,Klein_extrema,1
GW230819_171910,GWTC-4.0,O4a,70.0,35.0,106.0,4.0,4000.0,9.9,0.3531287701087048,Klein_extrema,1
GW230920_071124,GWTC-4.0,O4a,32.4,23.8,56.4,2.5,2900.0,11.1,0.2785618683954423,Klein_deformada,0
GW230922_020344,GWTC-4.0,O4a,39.3,29.2,68.6,3.1999999999999886,1640.0,13.4,0.3169401546794495,Klein_extrema,1
GW230922_040658,GWTC-4.0,O4a,76.0,51.0,125.0,6.0,6400.0,12.5,0.416544139920784,Klein_extrema,1
GW230924_124453,GWTC-4.0,O4a,28.8,23.1,51.8,2.5,2400.0,13.5,0.2785618683954423,Klein_deformada,0
GW230927_043729,GWTC-4.0,O4a,34.9,27.1,61.8,2.8999999999999986,3300.0,12.1,0.30239184861952284,Klein_extrema,0
GW230927_153832,GWTC-4.0,O4a,21.9,16.5,38.3,1.7999999999999972,1180.0,20.3,0.22791318941673006,Klein_deformada,0
GW230928_215827,GWTC-4.0,O4a,54.0,29.0,83.0,4.0,5000.0,10.5,0.3531287701087048,Klein_extrema,1
GW230930_110730,GWTC-4.0,O4a,34.4,24.4,59.0,2.700000000000003,4900.0,9.0,0.29087432607114705,Klein_deformada,0
GW231001_140220,GWTC-4.0,O4a,75.0,40.0,115.0,4.0,4400.0,11.5,0.3531287701087048,Klein_extrema,1
GW231004_232346,GWTC-4.0,O4a,65.0,35.0,100.0,4.0,4300.0,8.9,0.3531287701087048,Klein_extrema,1
GW231005_021030,GWTC-4.0,O4a,83.0,49.0,132.0,6.0,6400.0,10.4,0.416544139920784,Klein_extrema,1
GW231005_091549,GWTC-4.0,O4a,28.8,21.2,50.2,2.200000000000003,3800.0,11.0,0.2584243850439036,Klein_deformada,0
GW231008_142521,GWTC-4.0,O4a,45.0,25.5,71.0,2.0,3000.0,9.3,0.24374085067498738,Klein_deformada,0
GW231014_040532,GWTC-4.0,O4a,20.6,14.7,35.5,1.7000000000000028,2300.0,9.0,0.2195276922781055,Klein_deformada,0
GW231018_233037,GWTC-4.0,O4a,11.6,7.2,19.1,0.9000000000000021,1530.0,9.1,0.13533876787793003,Klein_relajada,-1
GW230919_215712,GWTC-4.0,O4a,27.3,21.4,49.0,2.5,1330.0,16.8,0.2785618683954423,Klein_deformada,0
GW231020_142947,GWTC-4.0,O4a,12.1,7.3,19.8,0.9000000000000021,1230.0,12.0,0.13533876787793003,Klein_relajada,-1
GW231028_153006,GWTC-4.0,O4a,95.0,58.0,152.0,8.0,4100.0,22.4,0.45763556863380783,Klein_extrema,1
GW231102_071736,GWTC-4.0,O4a,61.0,43.0,102.0,4.0,3800.0,15.6,0.3531287701087048,Klein_extrema,1
GW231029_111508,GWTC-4.0,O4a,65.0,42.0,106.0,5.0,3100.0,10.8,0.38862799783970886,Klein_extrema,1
GW231108_125142,GWTC-4.0,O4a,23.2,17.4,40.6,1.8000000000000045,2060.0,12.6,0.22791318941673067,Klein_deformada,0
GW231110_040320,GWTC-4.0,O4a,19.5,12.5,32.2,1.6000000000000014,1890.0,11.5,0.21080225634730967,Klein_deformada,0
GW231113_122623,GWTC-4.0,O4a,39.7,26.4,67.0,4.0,3400.0,8.6,0.3531287701087048,Klein_extrema,1
GW231104_133418,GWTC-4.0,O4a,12.3,8.6,21.0,1.0,1470.0,11.8,0.14697613460546777,Klein_relajada,-1
GW231113_200417,GWTC-4.0,O4a,11.5,7.4,19.2,0.8999999999999986,1160.0,10.5,0.13533876473784778,Klein_relajada,-1
GW231114_043211,GWTC-4.0,O4a,22.7,8.2,31.0,1.0,1380.0,10.0,0.14697613460546777,Klein_relajada,-1
GW231118_071402,GWTC-4.0,O4a,43.0,29.0,72.0,3.0,4300.0,9.2,0.30788013813439297,Klein_extrema,0
GW231118_005626,GWTC-4.0,O4a,19.8,10.9,30.9,1.599999999999998,2190.0,10.7,0.2108022563473094,Klein_deformada,0
GW231118_090602,GWTC-4.0,O4a,13.1,7.3,20.7,1.0,1350.0,11.0,0.14697613460546777,Klein_relajada,-1
GW231119_075248,GWTC-4.0,O4a,49.0,33.0,82.0,3.0,6700.0,8.3,0.30788013813439297,Klein_extrema,0
GW231127_165300,GWTC-4.0,O4a,45.0,29.0,74.0,3.0,4500.0,9.9,0.30788013813439297,Klein_extrema,0
GW231129_081745,GWTC-4.0,O4a,45.0,23.8,69.0,3.0,3800.0,9.4,0.30788013813439297,Klein_extrema,0
GW231206_233134,GWTC-4.0,O4a,35.6,28.1,63.5,2.8999999999999986,3200.0,12.8,0.30239184861952284,Klein_extrema,0
GW231206_233901,GWTC-4.0,O4a,37.6,28.4,66.0,2.8999999999999986,1490.0,21.9,0.30239184861952284,Klein_extrema,0
GW231213_111417,GWTC-4.0,O4a,35.5,27.2,62.5,3.0,4000.0,10.4,0.30788013813439297,Klein_extrema,0
GW231221_135041,GWTC-4.0,O4a,47.0,28.0,76.0,4.0,4600.0,10.0,0.3531287701087048,Klein_extrema,1
GW231223_032836,GWTC-4.0,O4a,46.0,31.0,76.0,3.0,4200.0,10.2,0.30788013813439297,Klein_extrema,0
GW231223_075055,GWTC-4.0,O4a,11.9,6.8,19.0,0.8999999999999986,970.0,9.4,0.13533876473784778,Klein_relajada,-1
GW231223_202619,GWTC-4.0,O4a,11.1,8.3,19.6,0.9000000000000021,890.0,10.0,0.13533876787793003,Klein_relajada,-1
GW231224_024321,GWTC-4.0,O4a,9.3,7.3,16.66,0.7699999999999996,950.0,14.0,0.11938023745650621,Klein_relajada,-1
GW231226_101520,GWTC-4.0,O4a,40.1,35.0,74.8,3.3999999999999915,1180.0,34.7,0.32678998698197237,Klein_extrema,1
GW231230_170116,GWTC-4.0,O4a,54.0,35.0,89.0,4.0,5700.0,8.2,0.3531287701087048,Klein_extrema,1
GW231231_154016,GWTC-4.0,O4a,22.5,17.2,39.9,1.7999999999999972,1070.0,13.4,0.22791318941673006,Klein_deformada,0
GW240104_164932,GWTC-4.0,O4a,42.3,32.1,74.3,3.700000000000003,1910.0,14.8,0.34051876649594787,Klein_extrema,1
GW240107_013215,GWTC-4.0,O4a,59.0,32.0,91.0,4.0,5800.0,9.6,0.3531287701087048,Klein_extrema,1
GW240109_050431,GWTC-4.0,O4a,28.8,18.1,47.1,2.0,1510.0,10.4,0.24374085067498738,Klein_deformada,0
GW250114_082203,O4_Discovery_Papers,O4a,33.6,32.2,65.8,3.0999999999999943,403.0,0.0,0.3117866249203234,Klein_extrema,1
