date,value,series_id,series_name,detrended,klein_deformation,klein_state,klein_twist_factor,klein_phase,klein_frequency_alignment
1992-01-01,159177.0,RSAFS,RETAIL_SALES,30754.02660395272,0.18271723214344127,klein_deformada,1.0,0.0,1.0
1992-02-01,159189.0,RSAFS,RETAIL_SALES,29529.258900142726,0.1754405861373512,klein_deformada,1.0,3.0300693398418255,-0.9937877179967045
1992-03-01,158647.0,RSAFS,RETAIL_SALES,27750.491196332732,0.16487248994455758,klein_deformada,1.0,5.864650335177727,0.9136853406944483
1992-04-01,159921.0,RSAFS,RETAIL_SALES,27787.723492522753,0.1650936961688284,klein_deformada,1.0,2.6115343678399654,-0.8627776036593462
1992-05-01,160471.0,RSAFS,RETAIL_SALES,27100.955788712745,0.16101344041625185,expansion_relajada,1.009,5.54385953542883,0.7389230148053962
1992-06-01,161205.0,RSAFS,RETAIL_SALES,26598.188084902766,0.15802637389536037,expansion_relajada,1.009,2.2907435680910684,-0.6593450067579991
1992-07-01,162855.0,RSAFS,RETAIL_SALES,27011.420381092787,0.16048148854959607,expansion_relajada,1.009,5.223068735679931,0.4887703867523276
1992-08-01,162412.0,RSAFS,RETAIL_SALES,25331.65267728278,0.15050157569341546,expansion_relajada,1.009,1.9699527683421714,-0.3886412350605722
1992-09-01,164361.0,RSAFS,RETAIL_SALES,26043.8849734728,0.1547331228491392,expansion_relajada,1.009,5.000022108183995,0.28368338546820265
1992-10-01,166063.0,RSAFS,RETAIL_SALES,26509.11726966279,0.1574971822862422,expansion_relajada,1.009,1.6491619685932726,-0.07828545691923942
1992-11-01,166124.0,RSAFS,RETAIL_SALES,25333.34956585281,0.1505116573255466,expansion_relajada,1.009,4.679231308435103,-0.033151596520345196
1992-12-01,167691.0,RSAFS,RETAIL_SALES,25663.581862042804,0.15247364857635903,expansion_relajada,1.009,1.3283711688443773,0.2400575731196964
1993-01-01,169500.0,RSAFS,RETAIL_SALES,26235.814158232824,0.1558734213166703,expansion_relajada,1.009,4.358440508686201,-0.3466042114303157
1993-02-01,168840.0,RSAFS,RETAIL_SALES,24339.046454422845,0.14460425811660058,expansion_relajada,1.009,1.1053245413484447,0.4488444435310584
1993-03-01,167682.0,RSAFS,RETAIL_SALES,21944.278750612837,0.13037635449599208,expansion_relajada,1.009,3.8421613644313766,-0.7644756900339421
1993-04-01,172102.0,RSAFS,RETAIL_SALES,25127.511046802858,0.1492887200837456,expansion_relajada,1.009,0.5890453970936207,0.8314714042647091
1993-05-01,172960.0,RSAFS,RETAIL_SALES,24748.74334299285,0.14703836804507642,expansion_relajada,1.009,3.5213705646824778,-0.928746989995099
1993-06-01,173018.0,RSAFS,RETAIL_SALES,23569.97563918287,0.14003501934690765,expansion_relajada,1.009,0.2682545973447219,0.9642349818572339
1993-07-01,175822.0,RSAFS,RETAIL_SALES,25137.20793537289,0.14934633168247174,expansion_relajada,1.009,3.200579764933579,-0.9982607647381638
1993-08-01,175233.0,RSAFS,RETAIL_SALES,23311.440231562883,0.1384989969359324,expansion_relajada,1.009,6.230649104775409,0.9986202911013623
1993-09-01,176608.0,RSAFS,RETAIL_SALES,23449.672527752904,0.13932026898846508,expansion_relajada,1.009,2.9775331374376464,-0.9865723957394913
1993-10-01,177588.0,RSAFS,RETAIL_SALES,23192.904823942896,0.1377947489403696,expansion_relajada,1.009,5.909858305026518,0.9311190925702862
1993-11-01,179758.0,RSAFS,RETAIL_SALES,24126.137120132917,0.14333931142328016,expansion_relajada,1.009,2.6567423376887547,-0.8847447231757632
1993-12-01,181077.0,RSAFS,RETAIL_SALES,24208.36941632291,0.14382787370964767,expansion_relajada,1.009,5.589067505277612,0.7686183496576496
1994-01-01,179615.0,RSAFS,RETAIL_SALES,21509.60171251293,0.12779383135842945,expansion_relajada,1.009,2.335951537939856,-0.6926489568028218
1994-02-01,183101.0,RSAFS,RETAIL_SALES,23758.83400870295,0.14115707334621705,expansion_relajada,1.009,5.366020877781672,0.6080737026500882
1994-03-01,186721.0,RSAFS,RETAIL_SALES,26142.066304892942,0.15531644227447067,expansion_relajada,1.009,1.8196723936850248,-0.24631481046897474
1994-04-01,186423.0,RSAFS,RETAIL_SALES,24607.298601082963,0.14619801006282454,expansion_relajada,1.009,4.849741733526855,0.1369212825684572
1994-05-01,185616.0,RSAFS,RETAIL_SALES,22563.530897272954,0.13405548372657156,expansion_relajada,1.009,1.498881593936126,0.07185276163665505
1994-06-01,187800.0,RSAFS,RETAIL_SALES,23510.763193462975,0.1396832236510233,expansion_relajada,1.009,4.528950933777956,-0.18241100915329664
1994-07-01,188062.0,RSAFS,RETAIL_SALES,22535.995489652996,0.133891889101027,expansion_relajada,1.009,1.1780907941872414,0.3826893922198547
1994-08-01,190771.0,RSAFS,RETAIL_SALES,24008.227785842988,0.14263878308327532,expansion_relajada,1.009,4.208160134029072,-0.4831324025506275
1994-09-01,192585.0,RSAFS,RETAIL_SALES,24585.46008203301,0.14606826205270848,expansion_relajada,1.009,0.9550441666913017,0.5775727034222639
1994-10-01,193914.0,RSAFS,RETAIL_SALES,24677.692378223,0.14661623679731975,expansion_relajada,1.009,3.887369334280173,-0.7345611131058886
1994-11-01,194425.0,RSAFS,RETAIL_SALES,23951.92467441302,0.14230427245759272,expansion_relajada,1.009,0.6342533669424029,0.8055143579755606
1994-12-01,194939.0,RSAFS,RETAIL_SALES,23229.156970603042,0.13801013185533884,expansion_relajada,1.009,3.566578534531274,-0.9110445544444727
1995-01-01,195908.0,RSAFS,RETAIL_SALES,22961.389266793034,0.13641925810317523,expansion_relajada,1.009,0.31346256719350407,0.951271577034959
1995-02-01,193068.0,RSAFS,RETAIL_SALES,18884.621562983055,0.11219817900596872,recession_deformada,0.996,3.3435319070353344,-0.9796794650289191
1995-03-01,195179.0,RSAFS,RETAIL_SALES,19758.853859173047,0.11739220798524098,expansion_relajada,1.009,6.080368730118273,0.9795031236175666
1995-04-01,195310.0,RSAFS,RETAIL_SALES,18653.086155363068,0.11082257023225159,expansion_relajada,1.009,2.8272527627805175,-0.9510006844473263
1995-05-01,198060.0,RSAFS,RETAIL_SALES,20166.31845155306,0.11981305529329925,expansion_relajada,1.009,5.759577930369375,0.8660211031464475
1995-06-01,200383.0,RSAFS,RETAIL_SALES,21252.55074774308,0.1262666283873391,expansion_relajada,1.009,2.5064619630316187,-0.8049941668979146
1995-07-01,199110.0,RSAFS,RETAIL_SALES,18742.7830439331,0.1113554814969277,expansion_relajada,1.009,5.43878713062049,0.6641813088092484
1995-08-01,201078.0,RSAFS,RETAIL_SALES,19474.015340123093,0.11569991232331438,expansion_relajada,1.009,2.18567116328272,-0.5768562875331084
1995-09-01,201337.0,RSAFS,RETAIL_SALES,18496.247636313114,0.10989075403584495,expansion_relajada,1.009,5.21574050312455,0.4823640783899197
1995-10-01,200597.0,RSAFS,RETAIL_SALES,16519.479932503105,0.09814629116982505,expansion_relajada,1.009,1.8648803635338211,-0.28986333267199077
1995-11-01,203545.0,RSAFS,RETAIL_SALES,18230.712228693126,0.10831314290409907,expansion_relajada,1.009,4.894949703375637,0.18154833486089805
1995-12-01,204032.0,RSAFS,RETAIL_SALES,17480.944524883118,0.10385858866458689,expansion_relajada,1.009,1.5440895637849366,0.02670358835142688
1996-01-01,203793.0,RSAFS,RETAIL_SALES,16005.176821073139,0.09509068995657886,expansion_relajada,1.009,4.574158903626753,-0.13779029068462445
1996-02-01,206875.0,RSAFS,RETAIL_SALES,17850.40911726316,0.10605366863131908,expansion_relajada,1.009,1.3210429362889826,0.2471650087317236
1996-03-01,207650.0,RSAFS,RETAIL_SALES,17388.64141345315,0.10331019318922681,expansion_relajada,1.009,4.155623931624881,-0.5284425943238437
1996-04-01,209294.0,RSAFS,RETAIL_SALES,17795.873709643172,0.10572966036851628,expansion_relajada,1.009,0.9025079642871106,0.619643459489116
1996-05-01,211157.0,RSAFS,RETAIL_SALES,18422.106005833164,0.10945026038334361,expansion_relajada,1.009,3.8348331318760245,-0.769179284381887
1996-06-01,209474.0,RSAFS,RETAIL_SALES,15502.338302023185,0.09210320270493859,expansion_relajada,1.009,0.581717164538226,0.8355203698881116
1996-07-01,210827.0,RSAFS,RETAIL_SALES,15618.570598213206,0.09279376734933503,expansion_relajada,1.009,3.514042332127083,-0.9314387075177655
1996-08-01,210846.0,RSAFS,RETAIL_SALES,14400.802894403198,0.0855587100640155,expansion_relajada,1.009,0.2609263647893414,0.9661514131426947
1996-09-01,213233.0,RSAFS,RETAIL_SALES,15551.035190593218,0.09239252289081534,expansion_relajada,1.009,3.2909957046311575,-0.9888601086949826
1996-10-01,215526.0,RSAFS,RETAIL_SALES,16607.26748678321,0.09866785861012378,expansion_relajada,1.009,6.223320872220015,0.9982086597857369
1996-11-01,215167.0,RSAFS,RETAIL_SALES,15011.499782973231,0.08918701040319081,expansion_relajada,1.009,2.9702049048822445,-0.9853490353563397
1996-12-01,215690.0,RSAFS,RETAIL_SALES,14297.732079163252,0.08494634101335628,expansion_relajada,1.009,5.9025300724711585,0.9284213962753168
1997-01-01,218124.0,RSAFS,RETAIL_SALES,15494.964375353244,0.09205939239390155,expansion_relajada,1.009,2.64941410513336,-0.8813054843114817
1997-02-01,219587.0,RSAFS,RETAIL_SALES,15721.196671543265,0.0934034940789792,expansion_relajada,1.009,5.679483444975176,0.8232397359484676
1997-03-01,221189.0,RSAFS,RETAIL_SALES,16086.428967733256,0.09557342893364476,expansion_relajada,1.009,2.1331349608785573,-0.533166163211317
1997-04-01,217925.0,RSAFS,RETAIL_SALES,11585.661263923277,0.06883326160690341,expansion_relajada,1.009,5.163204300720373,0.43569954229258473
1997-05-01,217771.0,RSAFS,RETAIL_SALES,10194.893560113269,0.06057036879396706,recession_deformada,0.996,1.8123441611296158,-0.23920581135202892
1997-06-01,220233.0,RSAFS,RETAIL_SALES,11420.12585630329,0.067849775057595,expansion_relajada,1.009,4.84241350097146,0.12965845626017375
1997-07-01,222985.0,RSAFS,RETAIL_SALES,12935.35815249331,0.07685214261029158,expansion_relajada,1.009,1.4915533613807597,0.07916005777472365
1997-08-01,223120.0,RSAFS,RETAIL_SALES,11833.590448683302,0.07030626984059951,expansion_relajada,1.009,4.521622701222576,-0.18961132883790233
1997-09-01,224509.0,RSAFS,RETAIL_SALES,11985.822744873323,0.07121071933467345,expansion_relajada,1.009,1.2685067338848057,0.2977067618095591
1997-10-01,224300.0,RSAFS,RETAIL_SALES,10540.055041063315,0.0626210580013965,expansion_relajada,1.009,4.200831901473663,-0.48953558660989394
1997-11-01,223718.0,RSAFS,RETAIL_SALES,8721.287337253336,0.05181531197562797,expansion_relajada,1.009,0.9477159341359211,0.5835394651291241
1997-12-01,225236.0,RSAFS,RETAIL_SALES,9002.519633443357,0.05348618218104623,expansion_relajada,1.009,3.88004110172475,-0.739513862114326
1998-01-01,225954.0,RSAFS,RETAIL_SALES,8483.751929633348,0.05040405572696459,expansion_relajada,1.009,0.6269251343870081,0.8098352265491561
1998-02-01,225746.0,RSAFS,RETAIL_SALES,7038.984225823369,0.041820335639512186,expansion_relajada,1.009,3.6569944742288527,-0.8700947413769377
1998-03-01,226889.0,RSAFS,RETAIL_SALES,6945.216522013361,0.04126323866078977,expansion_relajada,1.009,0.11064599013220544,0.9938849748720098
1998-04-01,230409.0,RSAFS,RETAIL_SALES,9228.448818203382,0.0548284830066061,expansion_relajada,1.009,3.140715329973993,-0.9999996151516612
1998-05-01,230995.0,RSAFS,RETAIL_SALES,8577.681114393403,0.05096211210370718,expansion_relajada,1.009,6.073040497562879,0.9780007174714895
1998-06-01,233207.0,RSAFS,RETAIL_SALES,9552.913410583395,0.05675620691124127,expansion_relajada,1.009,2.8199245302251086,-0.9487093618084784
1998-07-01,231551.0,RSAFS,RETAIL_SALES,6660.145706773415,0.03956956287009437,expansion_relajada,1.009,5.752249697813994,0.8623337112196373
1998-08-01,229792.0,RSAFS,RETAIL_SALES,3664.378002963407,0.021770970509036695,recession_deformada,0.996,2.4991337304761956,-0.8006248768342579
1998-09-01,232308.0,RSAFS,RETAIL_SALES,4943.610299153428,0.02937120404718086,expansion_relajada,1.009,5.52920307031804,0.7289686274214143
1998-10-01,236174.0,RSAFS,RETAIL_SALES,7572.84259534342,0.04499211944823065,expansion_relajada,1.009,2.1783429307273394,-0.5708548168066877
1998-11-01,237592.0,RSAFS,RETAIL_SALES,7754.074891533441,0.04606886507121144,expansion_relajada,1.009,5.208412270569156,0.4759318657489988
1998-12-01,240140.0,RSAFS,RETAIL_SALES,9065.307187723462,0.0538592184757356,expansion_relajada,1.009,1.857552130978398,-0.28284199499124224
1999-01-01,240269.0,RSAFS,RETAIL_SALES,7957.539483913453,0.04727769823109728,expansion_relajada,1.009,4.887621470820243,0.1743370723880345
1999-02-01,243346.0,RSAFS,RETAIL_SALES,9797.771780103474,0.058210970676715636,expansion_relajada,1.009,1.6345055034824725,-0.06366608767019258
1999-03-01,244687.0,RSAFS,RETAIL_SALES,9902.004076293466,0.05883024037121941,expansion_relajada,1.009,4.37134232656544,-0.33447364706703975
1999-04-01,246628.0,RSAFS,RETAIL_SALES,10606.236372483487,0.06301425756034815,expansion_relajada,1.009,1.1182263592276982,0.43727821499801545
1999-05-01,248367.0,RSAFS,RETAIL_SALES,11108.468668673479,0.06599814309295303,expansion_relajada,1.009,4.050551526816527,-0.6145673901880258
1999-06-01,249329.0,RSAFS,RETAIL_SALES,10833.7009648635,0.06436568062001898,expansion_relajada,1.009,0.7974355594787568,0.6985440334643649
1999-07-01,251263.0,RSAFS,RETAIL_SALES,11530.93326105352,0.0685081090883771,expansion_relajada,1.009,3.7297607270676423,-0.8319584967445736
1999-08-01,253844.0,RSAFS,RETAIL_SALES,12875.165557243512,0.07649452360510545,expansion_relajada,1.009,0.4766447597298722,0.8885393072290424
1999-09-01,255029.0,RSAFS,RETAIL_SALES,12823.397853433533,0.07618695895100694,expansion_relajada,1.009,3.5067140995716883,-0.9340804042184704
1999-10-01,254816.0,RSAFS,RETAIL_SALES,11373.630149623525,0.0675735326344325,expansion_relajada,1.009,0.1558539599809876,0.9878793361110865
1999-11-01,258133.0,RSAFS,RETAIL_SALES,13453.862445813545,0.07993270407790076,expansion_relajada,1.009,3.1859232998228038,-0.9990175578098822
1999-12-01,263311.0,RSAFS,RETAIL_SALES,17395.094742003537,0.1033485340005301,expansion_relajada,1.009,6.118248467411689,0.9864287275941722
2000-01-01,261545.0,RSAFS,RETAIL_SALES,14392.327038193558,0.08550835291870199,expansion_relajada,1.009,2.865132500073919,-0.9620276715860935
2000-02-01,265686.0,RSAFS,RETAIL_SALES,17296.55933438358,0.10276311092145497,expansion_relajada,1.009,5.895201839915735,0.9256738411962797
2000-03-01,269019.0,RSAFS,RETAIL_SALES,19392.79163057357,0.11521734229811306,expansion_relajada,1.009,2.446597528072047,-0.7680568233304045
2000-04-01,264067.0,RSAFS,RETAIL_SALES,13204.023926763592,0.07844835201982728,expansion_relajada,1.009,5.476666867913863,0.6920158988516723
2000-05-01,265992.0,RSAFS,RETAIL_SALES,13892.256222953583,0.08253730927576584,expansion_relajada,1.009,2.1258067283231625,-0.5269521404382485
2000-06-01,267750.0,RSAFS,RETAIL_SALES,14413.488519143604,0.08563407847903402,expansion_relajada,1.009,5.155876068164979,0.429091817478377
2000-07-01,265683.0,RSAFS,RETAIL_SALES,11109.720815333596,0.06600558240406895,recession_deformada,0.996,1.805015928574221,-0.23208396622472044
2000-08-01,266885.0,RSAFS,RETAIL_SALES,11074.953111523617,0.06579901892898482,expansion_relajada,1.009,4.835085268416094,0.12238866693599051
2000-09-01,270523.0,RSAFS,RETAIL_SALES,13476.185407713638,0.08006533028207737,expansion_relajada,1.009,1.5819693010783809,-0.011172741821234596
2000-10-01,270339.0,RSAFS,RETAIL_SALES,12055.41770390363,0.07162420009440977,expansion_relajada,1.009,4.514294468667153,-0.196801465872371
2000-11-01,268850.0,RSAFS,RETAIL_SALES,9329.65000009365,0.05542974410593344,expansion_relajada,1.009,1.2611785013294394,0.3046946565354712
2000-12-01,268338.0,RSAFS,RETAIL_SALES,7580.882296283642,0.045039885287870965,expansion_relajada,1.009,4.193503668918325,-0.49591248126087023
2001-01-01,272881.0,RSAFS,RETAIL_SALES,10887.114592473663,0.06468302411202256,expansion_relajada,1.009,0.940387701580498,0.5894748891608105
2001-02-01,272627.0,RSAFS,RETAIL_SALES,9396.346888663655,0.05582600671664876,expansion_relajada,1.009,3.970457041422371,-0.675713328570002
2001-03-01,269820.0,RSAFS,RETAIL_SALES,5352.579184853646,0.03180098873164644,expansion_relajada,1.009,0.42410855732563846,0.9114059312581544
2001-04-01,274410.0,RSAFS,RETAIL_SALES,8705.811481043696,0.051723366109543825,expansion_relajada,1.009,3.4541778971675683,-0.9515417374320064
2001-05-01,275769.0,RSAFS,RETAIL_SALES,8828.043777233688,0.052449578228886344,expansion_relajada,1.009,0.10331775757681072,0.9946674665544014
2001-06-01,274474.0,RSAFS,RETAIL_SALES,6296.276073423738,0.03740772393033886,expansion_relajada,1.009,3.133387097418627,-0.9999663346128557
2001-07-01,273098.0,RSAFS,RETAIL_SALES,3683.50836961373,0.02188462872001668,expansion_relajada,1.009,6.065712265007512,0.9764457899953813
2001-08-01,275659.0,RSAFS,RETAIL_SALES,5007.740665803722,0.029752218320257536,expansion_relajada,1.009,2.8125962976697423,-0.9463670908660174
2001-09-01,268652.0,RSAFS,RETAIL_SALES,-3236.0270380062866,0.019226032127118348,recession_deformada,0.996,5.842665637511558,0.9045301932424553
2001-10-01,288632.0,RSAFS,RETAIL_SALES,15507.205258183763,0.09213211848790503,expansion_relajada,1.009,2.4918054979208577,-0.7962125910114051
2001-11-01,280033.0,RSAFS,RETAIL_SALES,5671.437554373755,0.0336954046881247,expansion_relajada,1.009,5.521874837762731,0.723932578123618
2001-12-01,276302.0,RSAFS,RETAIL_SALES,703.6698505637469,0.0041806755614002015,expansion_relajada,1.009,2.1710146981719163,-0.5648226896055473
2002-01-01,277135.0,RSAFS,RETAIL_SALES,299.90214675373863,0.001781792377121646,expansion_relajada,1.009,5.201084038013789,0.469474094257123
2002-02-01,278869.0,RSAFS,RETAIL_SALES,797.1344429437886,0.004735971680605004,recession_deformada,0.996,1.9479680706759623,-0.3682924879750643
2002-03-01,278079.0,RSAFS,RETAIL_SALES,-1229.6332608662196,0.007305553476633623,recession_deformada,0.996,4.68480489375893,-0.02758058872042942
2002-04-01,281147.0,RSAFS,RETAIL_SALES,601.5990353237721,0.003574247756565184,expansion_relajada,1.009,1.4316889264211596,0.13865919274409044
2002-05-01,278966.0,RSAFS,RETAIL_SALES,-2816.168668486178,0.01673155034237825,expansion_relajada,1.009,4.364014094010102,-0.341370767936937
2002-06-01,280426.0,RSAFS,RETAIL_SALES,-2592.936372296186,0.015405272394773892,expansion_relajada,1.009,1.110898126672332,0.4438568866308888
2002-07-01,284161.0,RSAFS,RETAIL_SALES,-94.7040761061944,0.0005626601967171874,expansion_relajada,1.009,4.043223294261161,-0.6203318176920641
2002-08-01,285884.0,RSAFS,RETAIL_SALES,391.52822008385556,0.002326165402698049,expansion_relajada,1.009,0.7901073269233905,0.7037690715673124
2002-09-01,281064.0,RSAFS,RETAIL_SALES,-5665.239483726153,0.03365858042677045,expansion_relajada,1.009,3.8201766667652066,-0.7784623015670121
2002-10-01,282940.0,RSAFS,RETAIL_SALES,-5026.007187536161,0.02986074421622624,expansion_relajada,1.009,0.4693165271745059,0.8918776153989113
2002-11-01,283408.0,RSAFS,RETAIL_SALES,-5794.774891346169,0.034428182126401544,recession_deformada,0.996,3.499385867016322,-0.9366719382308208
2002-12-01,286646.0,RSAFS,RETAIL_SALES,-3793.542595156119,0.0225383691030587,expansion_relajada,1.009,0.1485257274256213,0.9889903158598066
2003-01-01,288657.0,RSAFS,RETAIL_SALES,-3019.3102989661274,0.017938464706223907,expansion_relajada,1.009,3.1785950672674375,-0.9993154887978698
2003-02-01,284696.0,RSAFS,RETAIL_SALES,-8217.078002776136,0.04881968037255458,expansion_relajada,1.009,6.208664407109254,0.997224602482584
2003-03-01,288177.0,RSAFS,RETAIL_SALES,-5972.845706586144,0.035486144613889034,expansion_relajada,1.009,2.662315923012578,-0.8873286815061259
2003-04-01,289053.0,RSAFS,RETAIL_SALES,-6333.613410396094,0.03762955422771914,expansion_relajada,1.009,5.692385262854394,0.8304952997380387
2003-05-01,289619.0,RSAFS,RETAIL_SALES,-7004.381114206102,0.04161475004710573,expansion_relajada,1.009,2.3415251232636933,-0.6966582644678426
2003-06-01,293671.0,RSAFS,RETAIL_SALES,-4189.14881801611,0.024888762922722255,expansion_relajada,1.009,5.371594463105566,0.6124889960438131
2003-07-01,296207.0,RSAFS,RETAIL_SALES,-2889.9165218260605,0.01716970446809042,expansion_relajada,1.009,2.0207343235148088,-0.4349097026012823
2003-08-01,299592.0,RSAFS,RETAIL_SALES,-741.6842256360687,0.004406528308564845,expansion_relajada,1.009,5.050803663356682,0.33199210867754136
2003-09-01,298921.0,RSAFS,RETAIL_SALES,-2649.451929446077,0.01574104521270289,expansion_relajada,1.009,1.7976876960189117,-0.22494965754980156
2003-10-01,298205.0,RSAFS,RETAIL_SALES,-4602.219633256027,0.027342918178937446,expansion_relajada,1.009,4.73001286360774,0.017622970903830165
2003-11-01,299433.0,RSAFS,RETAIL_SALES,-4610.987337066035,0.02739500926258801,expansion_relajada,1.009,1.4768968962699134,0.09376150451849262
2003-12-01,300702.0,RSAFS,RETAIL_SALES,-4578.7550408760435,0.027203509267439214,expansion_relajada,1.009,4.409222063858856,-0.29854419058115705
2004-01-01,301993.0,RSAFS,RETAIL_SALES,-4524.522744686052,0.026881301864154175,expansion_relajada,1.009,1.1561060965210288,0.4029064357136765
2004-02-01,303915.0,RSAFS,RETAIL_SALES,-3839.2904484960018,0.022810168345688383,expansion_relajada,1.009,4.186175436362902,-0.5022627440469
2004-03-01,309471.0,RSAFS,RETAIL_SALES,479.94184769399,0.0028514524985545765,expansion_relajada,1.009,0.7375711245192136,0.7401041402218547
2004-04-01,307358.0,RSAFS,RETAIL_SALES,-2869.8258561160183,0.017050340884331723,expansion_relajada,1.009,3.7676404643610866,-0.8103496032113898
2004-05-01,311088.0,RSAFS,RETAIL_SALES,-376.5935599259683,0.002237434915396547,expansion_relajada,1.009,0.416780324770329,0.9143970615976474
2004-06-01,309127.0,RSAFS,RETAIL_SALES,-3574.3612637359765,0.0212361589329779,expansion_relajada,1.009,3.446849664612145,-0.9537697424095903
2004-07-01,311681.0,RSAFS,RETAIL_SALES,-2257.128967545985,0.013410158053507667,expansion_relajada,1.009,0.09598952502144442,0.9953965418564598
2004-08-01,311192.0,RSAFS,RETAIL_SALES,-3982.896671355993,0.02366336821760952,expansion_relajada,1.009,3.1260588648632606,-0.9998793531299223
2004-09-01,317446.0,RSAFS,RETAIL_SALES,1034.335624834057,0.006145242212047294,expansion_relajada,1.009,6.1561282047051336,0.9919390993815586
2004-10-01,318476.0,RSAFS,RETAIL_SALES,827.5679210240487,0.004916784455170547,expansion_relajada,1.009,2.805268065114376,-0.9439739974063257
2004-11-01,320520.0,RSAFS,RETAIL_SALES,1634.8002172140405,0.009712749964209703,expansion_relajada,1.009,5.835337404956135,0.9013811047681712
2004-12-01,324672.0,RSAFS,RETAIL_SALES,4550.03251340409,0.027032861671030986,expansion_relajada,1.009,2.4844772653654914,-0.7917575463811797
2005-01-01,321272.0,RSAFS,RETAIL_SALES,-86.73519040591782,0.0005153150878255003,expansion_relajada,1.009,5.5145466052073076,0.7188576516539982
2005-02-01,325308.0,RSAFS,RETAIL_SALES,2712.497105784074,0.016115612103367975,expansion_relajada,1.009,2.2614306378694806,-0.6370262640221688
2005-03-01,326179.0,RSAFS,RETAIL_SALES,2346.729401974124,0.013942496260416003,expansion_relajada,1.009,4.998267460952391,0.2820003868117412
2005-04-01,329124.0,RSAFS,RETAIL_SALES,4054.9616981641157,0.024091524257216727,expansion_relajada,1.009,1.7451514936147348,-0.17347311709399324
2005-05-01,327233.0,RSAFS,RETAIL_SALES,927.1939943541074,0.005508687447341602,expansion_relajada,1.009,4.677476661203507,-0.03490522735013993
2005-06-01,337219.0,RSAFS,RETAIL_SALES,9676.4262905441,0.0574900272935643,expansion_relajada,1.009,1.4243606938657933,0.1459128475821134
2005-07-01,339529.0,RSAFS,RETAIL_SALES,10749.65858673415,0.06386636419188746,expansion_relajada,1.009,4.356685861454679,-0.3482495562572061
2005-08-01,335605.0,RSAFS,RETAIL_SALES,5588.890882924141,0.033204974621058654,expansion_relajada,1.009,1.103569894116852,0.4504117219275345
2005-09-01,336600.0,RSAFS,RETAIL_SALES,5347.123179114133,0.031768573260328795,expansion_relajada,1.009,4.133639233958725,-0.5469777183293537
2005-10-01,336753.0,RSAFS,RETAIL_SALES,4263.355475304124,0.02532964291547547,recession_deformada,0.996,0.782779094368081,0.7089563153342677
2005-11-01,339719.0,RSAFS,RETAIL_SALES,5992.587771494174,0.03560343707458841,expansion_relajada,1.009,3.8128484342098403,-0.783041225880559
2005-12-01,339895.0,RSAFS,RETAIL_SALES,4931.820067684166,0.0293011553836957,expansion_relajada,1.009,0.46198829461908275,0.8951680272863652
2006-01-01,349664.0,RSAFS,RETAIL_SALES,13464.052363874216,0.07999324488602945,expansion_relajada,1.009,3.492057634460899,-0.9392131703823383
2006-02-01,347021.0,RSAFS,RETAIL_SALES,9584.284660064208,0.056942591216224574,expansion_relajada,1.009,0.23894166712318565,0.9715889993270473
2006-03-01,348357.0,RSAFS,RETAIL_SALES,9683.5169562542,0.05753215468160647,expansion_relajada,1.009,2.975778490206096,-0.9862843001979308
2006-04-01,350072.0,RSAFS,RETAIL_SALES,10161.749252444191,0.06037345031442636,expansion_relajada,1.009,6.005847830047969,0.9617878342030697
2006-05-01,348889.0,RSAFS,RETAIL_SALES,7741.981548634241,0.04599701554820884,recession_deformada,0.996,2.6549876904572116,-0.8839255627809469
2006-06-01,350795.0,RSAFS,RETAIL_SALES,8411.213844824233,0.0499730891334843,expansion_relajada,1.009,5.685057030299028,0.8263910229459793
2006-07-01,351916.0,RSAFS,RETAIL_SALES,8295.446141014225,0.04928528474662564,expansion_relajada,1.009,2.33419689070827,-0.6913823082581746
2006-08-01,353285.0,RSAFS,RETAIL_SALES,8427.678437204217,0.050070909324211904,expansion_relajada,1.009,5.3642662305502,0.6066797869421038
2006-09-01,351240.0,RSAFS,RETAIL_SALES,5145.910733394267,0.030573120657383424,expansion_relajada,1.009,2.1111502632123162,-0.5144395337814852
2006-10-01,351035.0,RSAFS,RETAIL_SALES,3704.1430295842583,0.022007224307403973,expansion_relajada,1.009,5.043475430801259,0.3250706650448365
2006-11-01,352116.0,RSAFS,RETAIL_SALES,3548.37532577425,0.021081770087570333,expansion_relajada,1.009,1.7903594634634885,-0.21780326845908846
2006-12-01,356367.0,RSAFS,RETAIL_SALES,6562.6076219643,0.03899006513100471,expansion_relajada,1.009,4.722684631052317,0.010295468778037598
2007-01-01,355792.0,RSAFS,RETAIL_SALES,4750.839918154292,0.028225907826006633,expansion_relajada,1.009,1.4695686637146608,0.10105487098609255
2007-02-01,356545.0,RSAFS,RETAIL_SALES,4267.072214344284,0.025351724975778103,expansion_relajada,1.009,4.499638003556363,-0.21114964803770303
2007-03-01,359415.0,RSAFS,RETAIL_SALES,5900.3045105343335,0.03505515953575108,expansion_relajada,1.009,0.9532895194597444,0.5790042009821333
2007-04-01,358562.0,RSAFS,RETAIL_SALES,3810.5368067243253,0.022639335891576844,expansion_relajada,1.009,3.9833588593015605,-0.6661465925243037
2007-05-01,363085.0,RSAFS,RETAIL_SALES,7096.769102914317,0.04216364979924078,expansion_relajada,1.009,0.6324987197109166,0.8065528797257318
2007-06-01,360234.0,RSAFS,RETAIL_SALES,3009.001399104309,0.017877216997965982,expansion_relajada,1.009,3.662568059552619,-0.8673341070764022
2007-07-01,361770.0,RSAFS,RETAIL_SALES,3308.2336952943588,0.01965502962822316,expansion_relajada,1.009,0.3117079199619752,0.9518111654305619
2007-08-01,363676.0,RSAFS,RETAIL_SALES,3977.4659914843505,0.02363110321349861,expansion_relajada,1.009,3.3417772598037914,-0.9800298855483873
2007-09-01,365178.0,RSAFS,RETAIL_SALES,4242.698287674342,0.025206913485726703,expansion_relajada,1.009,0.08866129246602128,0.9960721616248428
2007-10-01,367322.0,RSAFS,RETAIL_SALES,5149.930583864334,0.030597003577203324,expansion_relajada,1.009,3.02098646005485,-0.9927358846782105
2007-11-01,370776.0,RSAFS,RETAIL_SALES,7367.162880054384,0.04377012569861109,expansion_relajada,1.009,6.051055799896666,0.9731787078846231
2007-12-01,366569.0,RSAFS,RETAIL_SALES,1923.3951762443758,0.011427363559484259,expansion_relajada,1.009,2.700195660306022,-0.9041557459894052
2008-01-01,367368.0,RSAFS,RETAIL_SALES,1485.6274724344257,0.00882647801717731,expansion_relajada,1.009,5.730265000147838,0.850994481794721
2008-02-01,364126.0,RSAFS,RETAIL_SALES,-2993.1402313755825,0.01778298190142798,recession_deformada,0.996,2.4771490328100683,-0.787259982191721
2008-03-01,365164.0,RSAFS,RETAIL_SALES,-3191.9079351855908,0.018963909691709732,recession_deformada,0.996,5.311730028146023,0.5640984940943248
2008-04-01,364816.0,RSAFS,RETAIL_SALES,-4776.675638995599,0.02837940419457476,recession_deformada,0.996,2.058614060808253,-0.46869928408637873
2008-05-01,368255.0,RSAFS,RETAIL_SALES,-2574.443342805549,0.015295400760532606,expansion_relajada,1.009,4.990939228396968,0.27496206660072675
2008-06-01,368926.0,RSAFS,RETAIL_SALES,-3140.2110466155573,0.018656765768359857,expansion_relajada,1.009,1.7378232610593116,-0.16625139737274378
2008-07-01,367594.0,RSAFS,RETAIL_SALES,-5708.9787504255655,0.03391844616240955,expansion_relajada,1.009,4.67014842864814,-0.04222799147302392
2008-08-01,364611.0,RSAFS,RETAIL_SALES,-9928.746454235574,0.0589891234125018,recession_deformada,0.996,1.4170324613103702,0.15315866649871768
2008-09-01,358991.0,RSAFS,RETAIL_SALES,-16785.514158045524,0.09972686590146969,recession_deformada,0.996,4.447101801152186,-0.26218641186933395
2008-10-01,346137.0,RSAFS,RETAIL_SALES,-30876.281861855532,0.1834435806839642,recession_deformada,0.996,1.0962416615615425,0.4569423688750039
2008-11-01,332498.0,RSAFS,RETAIL_SALES,-45752.04956566548,0.2718241734385925,recession_deformada,0.996,4.126311001403359,-0.5530977854227462
2008-12-01,324767.0,RSAFS,RETAIL_SALES,-54719.81726947555,0.32510388586281597,recession_deformada,0.996,0.775450861812601,0.7141054861961251
2009-01-01,329787.0,RSAFS,RETAIL_SALES,-50936.5849732855,0.3026267727804375,recession_deformada,0.996,3.805520201654417,-0.7875780987253413
2009-02-01,328376.0,RSAFS,RETAIL_SALES,-53584.35267709551,0.31835781159461274,recession_deformada,0.996,0.5524042343166471,0.8512653967567535
2009-03-01,322634.0,RSAFS,RETAIL_SALES,-60563.120380905515,0.3598203860741547,recession_deformada,0.996,3.2892410573996145,-0.9891197618020787
2009-04-01,324323.0,RSAFS,RETAIL_SALES,-60110.888084715465,0.3571335628327682,recession_deformada,0.996,0.03612509006184439,0.9993475598927068
2009-05-01,327011.0,RSAFS,RETAIL_SALES,-58659.65578852547,0.34851143501283177,recession_deformada,0.996,2.968450257650673,-0.98504826370843
2009-06-01,332227.0,RSAFS,RETAIL_SALES,-54680.42349233542,0.32486983774887584,klein_deformada,1.0,5.998519597492603,0.9597555872469502
2009-07-01,333670.0,RSAFS,RETAIL_SALES,-54474.19119614543,0.3236445609802859,klein_deformada,1.0,2.6476594579018453,-0.8804749748204377
2009-08-01,339586.0,RSAFS,RETAIL_SALES,-49794.95889995544,0.295844091639268,klein_deformada,1.0,5.6777287977436615,0.822242366681717
2009-09-01,330998.0,RSAFS,RETAIL_SALES,-59619.72660376545,0.35421545173498026,klein_deformada,1.0,2.4246128304058914,-0.753793755629227
2009-10-01,334595.0,RSAFS,RETAIL_SALES,-57259.494307575456,0.34019273146068724,klein_deformada,1.0,5.35693799799472,0.6008379974661306
2009-11-01,337321.0,RSAFS,RETAIL_SALES,-55770.26201138541,0.33134483629942424,klein_deformada,1.0,2.1038220306570636,-0.5081416218593743
2009-12-01,338736.0,RSAFS,RETAIL_SALES,-55592.029715195415,0.3302859144139167,recession_deformada,0.996,5.036147198245892,0.31813176422286116
2010-01-01,339093.0,RSAFS,RETAIL_SALES,-56471.79741900542,0.3355128306105976,klein_deformada,1.0,1.7830312309081222,-0.2106451827335086
2010-02-01,339580.0,RSAFS,RETAIL_SALES,-57221.56512281537,0.33996738485010947,klein_deformada,1.0,4.813100570749938,0.10054142668860287
2010-03-01,346974.0,RSAFS,RETAIL_SALES,-51064.33282662538,0.3033857541806659,klein_deformada,1.0,1.2667520866533195,0.2993813895642833
2010-04-01,349869.0,RSAFS,RETAIL_SALES,-49406.10053043533,0.29353378847508355,klein_deformada,1.0,4.296821426495022,-0.40370924324769064
2010-05-01,346858.0,RSAFS,RETAIL_SALES,-53653.86823424534,0.3187708206082583,klein_deformada,1.0,0.9459612869043781,0.5849634884153039
2010-06-01,346516.0,RSAFS,RETAIL_SALES,-55232.63593805535,0.32815066763617706,klein_deformada,1.0,3.976030626746308,-0.6715942051726366
2010-07-01,347612.0,RSAFS,RETAIL_SALES,-55373.403641865356,0.3289870031686451,klein_deformada,1.0,0.6251704871555503,0.8108633561502429
2010-08-01,349188.0,RSAFS,RETAIL_SALES,-55034.171345675364,0.3269715407054133,recession_deformada,0.996,3.6552398269973665,-0.8709582399577489
2010-09-01,352179.0,RSAFS,RETAIL_SALES,-53279.939049485314,0.316549215400691,klein_deformada,1.0,0.4021238596594827,0.9202318473658746
2010-10-01,356215.0,RSAFS,RETAIL_SALES,-50480.70675329532,0.2999182882094975,klein_deformada,1.0,3.334449027248425,-0.9814607782580557
2010-11-01,359450.0,RSAFS,RETAIL_SALES,-48482.47445710533,0.2880462989236281,klein_deformada,1.0,0.0813330599105413,0.9966942895769082
2010-12-01,361979.0,RSAFS,RETAIL_SALES,-47190.24216091528,0.2803688291897669,klein_deformada,1.0,3.0136582274994836,-0.9918275471311355
2011-01-01,364394.0,RSAFS,RETAIL_SALES,-46012.00986472529,0.27336866147988476,klein_deformada,1.0,6.0437275673413,0.9714667287012989
2011-02-01,367475.0,RSAFS,RETAIL_SALES,-44167.77756853524,0.26241162405096874,klein_deformada,1.0,2.7906116000035297,-0.9390358597204375
2011-03-01,370775.0,RSAFS,RETAIL_SALES,-42104.54527234525,0.250153453786515,klein_deformada,1.0,5.527448423086497,0.7277663671842323
2011-04-01,372820.0,RSAFS,RETAIL_SALES,-41296.312976155314,0.2453515470316518,klein_deformada,1.0,2.274332455748727,-0.6469182344930472
2011-05-01,372505.0,RSAFS,RETAIL_SALES,-42848.080679965264,0.25457098042231213,klein_deformada,1.0,5.206657623337556,0.4743879529679244
2011-06-01,375587.0,RSAFS,RETAIL_SALES,-41002.84838377527,0.24360800174757208,klein_deformada,1.0,1.9535416559997856,-0.37346855857423034
2011-07-01,375442.0,RSAFS,RETAIL_SALES,-42384.61608758522,0.2518174233480887,klein_deformada,1.0,4.885866823588728,0.17260902827818592
2011-08-01,375860.0,RSAFS,RETAIL_SALES,-43203.38379139523,0.2566819235494827,klein_deformada,1.0,1.6327508562508442,-0.0619149030587117
2011-09-01,380042.0,RSAFS,RETAIL_SALES,-40258.15149520524,0.23918357446793057,klein_deformada,1.0,4.662820196092774,-0.04954848783655219
2011-10-01,382207.0,RSAFS,RETAIL_SALES,-39329.91919901519,0.23366871821414173,klein_deformada,1.0,1.31196005650213,0.25595576134185316
2011-11-01,383422.0,RSAFS,RETAIL_SALES,-39351.6869028252,0.23379804549350916,klein_deformada,1.0,4.342029396343833,-0.3619506586135113
2011-12-01,383985.0,RSAFS,RETAIL_SALES,-40025.45460663515,0.23780106505036852,klein_deformada,1.0,0.9911692567531887,0.5477119567092639
2012-01-01,387531.0,RSAFS,RETAIL_SALES,-37716.22231044521,0.22408134831311896,klein_deformada,1.0,4.021238596595005,-0.6374239897486362
2012-02-01,392310.0,RSAFS,RETAIL_SALES,-34173.99001425522,0.20303607547441513,klein_deformada,1.0,0.7681226292572347,0.7192163076280386
2012-03-01,393698.0,RSAFS,RETAIL_SALES,-34022.75771806517,0.2021375672261654,klein_deformada,1.0,3.6027036245931896,-0.8955587311738481
2012-04-01,392073.0,RSAFS,RETAIL_SALES,-36884.52542187518,0.21914003264675685,klein_deformada,1.0,0.3495876572554195,0.9395140244072645
2012-05-01,391376.0,RSAFS,RETAIL_SALES,-38818.29312568513,0.23062902194232832,klein_deformada,1.0,3.2819128248441345,-0.9901712677660118
2012-06-01,387901.0,RSAFS,RETAIL_SALES,-43530.06082949514,0.25862279213801287,recession_deformada,0.996,0.028796857506364404,0.9995853991510243
2012-07-01,389686.0,RSAFS,RETAIL_SALES,-42981.828533305146,0.25536560929748675,recession_deformada,0.996,2.9611220250953068,-0.9837593274162737
2012-08-01,394524.0,RSAFS,RETAIL_SALES,-39380.596237115096,0.23396980295514447,klein_deformada,1.0,5.991191364937123,0.957671798774466
2012-09-01,397681.0,RSAFS,RETAIL_SALES,-37460.363940925105,0.22256123084357632,klein_deformada,1.0,2.738075397599353,-0.9196856155714759
2012-10-01,397494.0,RSAFS,RETAIL_SALES,-38884.13164473511,0.23102018476871702,klein_deformada,1.0,5.670400565188295,0.8180495537395104
2012-11-01,399708.0,RSAFS,RETAIL_SALES,-37906.89934854512,0.2252142074695342,klein_deformada,1.0,2.4172845978504114,-0.7489580955072763
2012-12-01,401093.0,RSAFS,RETAIL_SALES,-37758.66705235513,0.2243335229587579,klein_deformada,1.0,5.349609765439354,0.5949639413362469
2013-01-01,404434.0,RSAFS,RETAIL_SALES,-35654.43475616508,0.2118317616155045,klein_deformada,1.0,2.0964937981016973,-0.5018164213336401
2013-02-01,409118.0,RSAFS,RETAIL_SALES,-32207.202459975088,0.19135090713011624,expansion_relajada,1.009,5.1265631379434,0.4024340510844185
2013-03-01,406223.0,RSAFS,RETAIL_SALES,-36338.970163785096,0.2158987547476635,klein_deformada,1.0,1.580214653846781,-0.009418187810566414
2013-04-01,404231.0,RSAFS,RETAIL_SALES,-39567.737867595046,0.23508165738580014,klein_deformada,1.0,4.610283993688597,-0.10192766445123494
2013-05-01,406677.0,RSAFS,RETAIL_SALES,-38358.505571405054,0.22789731105536237,klein_deformada,1.0,1.2594238540978395,0.30636540053967776
2013-06-01,407921.0,RSAFS,RETAIL_SALES,-38351.273275215004,0.2278543422058226,recession_deformada,0.996,4.289493193939656,-0.41040285028806
2013-07-01,410268.0,RSAFS,RETAIL_SALES,-37241.04097902501,0.22125817921199792,klein_deformada,1.0,0.9386330543490118,0.5908913616992967
2013-08-01,409691.0,RSAFS,RETAIL_SALES,-39054.80868283508,0.2320342190086451,klein_deformada,1.0,3.968702394190828,-0.6770057513640583
2013-09-01,410044.0,RSAFS,RETAIL_SALES,-39938.57638664503,0.23728490018862314,klein_deformada,1.0,0.7155864268530578,0.7547086397381653
2013-10-01,411399.0,RSAFS,RETAIL_SALES,-39820.34409045504,0.2365824530525781,klein_deformada,1.0,3.647911594442,-0.8745355999847442
2013-11-01,412561.0,RSAFS,RETAIL_SALES,-39895.11179426499,0.23702666636063707,klein_deformada,1.0,0.3947956271041164,0.9230751894504866
2013-12-01,414812.0,RSAFS,RETAIL_SALES,-38880.879498074995,0.23100086296595235,klein_deformada,1.0,3.3271207946930588,-0.9828389638229008
2014-01-01,411561.0,RSAFS,RETAIL_SALES,-43368.647201885,0.25766379409697704,klein_deformada,1.0,0.07400482735528868,0.9972628923026506
2014-02-01,416736.0,RSAFS,RETAIL_SALES,-39430.41490569495,0.23426578791182046,klein_deformada,1.0,3.104074167197105,-0.9992962641455863
2014-03-01,421230.0,RSAFS,RETAIL_SALES,-36173.18260950496,0.2149137701330634,klein_deformada,1.0,5.840910990280072,0.9037806028106815
2014-04-01,425546.0,RSAFS,RETAIL_SALES,-33093.95031331491,0.19661929411104465,expansion_relajada,1.009,2.587795022942302,-0.8505334062447604
2014-05-01,426253.0,RSAFS,RETAIL_SALES,-33623.71801712498,0.19976677426919476,expansion_relajada,1.009,5.520120190531131,0.7227209845636737
2014-06-01,427305.0,RSAFS,RETAIL_SALES,-33808.48572093499,0.20086452461793528,klein_deformada,1.0,2.2670042231933607,-0.6413127014402626
2014-07-01,428079.0,RSAFS,RETAIL_SALES,-34271.25342474494,0.2036139413058516,klein_deformada,1.0,5.199329390782303,0.4679241131593527
2014-08-01,431379.0,RSAFS,RETAIL_SALES,-32208.021128554945,0.19135577104139787,expansion_relajada,1.009,1.946213423444533,-0.36666060882621
2014-09-01,430189.0,RSAFS,RETAIL_SALES,-34634.788832364895,0.205773794528386,klein_deformada,1.0,4.976282763286235,0.26084150628989977
2014-10-01,431903.0,RSAFS,RETAIL_SALES,-34157.5565361749,0.20293844014139048,klein_deformada,1.0,1.6254226236954779,-0.05459913318125302
2014-11-01,433113.0,RSAFS,RETAIL_SALES,-34184.32423998491,0.2030974736498798,klein_deformada,1.0,4.655491963537294,-0.056866323310037145
2014-12-01,430110.0,RSAFS,RETAIL_SALES,-38424.09194379486,0.22828697581645918,recession_deformada,0.996,1.3046318239466501,0.2630329432783963
2015-01-01,428208.0,RSAFS,RETAIL_SALES,-41562.85964760487,0.24693516633040244,recession_deformada,0.996,4.334701163788466,-0.36877223686259175
2015-02-01,427119.0,RSAFS,RETAIL_SALES,-43888.62735141488,0.2607531239891291,recession_deformada,0.996,1.0815851964506962,0.4699296961860332
2015-03-01,433647.0,RSAFS,RETAIL_SALES,-38597.395055224886,0.22931661220359395,klein_deformada,1.0,3.8184220195337772,-0.779562479551679
2015-04-01,434470.0,RSAFS,RETAIL_SALES,-39011.162759034894,0.23177490784611626,klein_deformada,1.0,0.5653060521960072,0.8444246956842045
2015-05-01,437865.0,RSAFS,RETAIL_SALES,-36852.930462844844,0.2189523192283466,klein_deformada,1.0,3.4976312197846084,-0.9372849875993071
2015-06-01,437951.0,RSAFS,RETAIL_SALES,-38003.69816665485,0.22578931304343303,klein_deformada,1.0,0.24451525244695205,0.9702547895714239
2015-07-01,441942.0,RSAFS,RETAIL_SALES,-35249.4658704648,0.20942574191433605,klein_deformada,1.0,3.1768404200358944,-0.9993788617930455
2015-08-01,441849.0,RSAFS,RETAIL_SALES,-36579.23357427481,0.21732621873198554,klein_deformada,1.0,6.206909759877597,0.9970924305287503
2015-09-01,439867.0,RSAFS,RETAIL_SALES,-39798.00127808482,0.23644970891187878,klein_deformada,1.0,2.9537937925398268,-0.9824175605408574
2015-10-01,438693.0,RSAFS,RETAIL_SALES,-42208.76898189477,0.2507726724656769,klein_deformada,1.0,5.886118960128883,0.9221994471628276
2015-11-01,440303.0,RSAFS,RETAIL_SALES,-41835.53668570478,0.24855520764441638,recession_deformada,0.996,2.633002992790999,-0.8734321349569293
2015-12-01,442149.0,RSAFS,RETAIL_SALES,-41226.304389514786,0.2449356088086034,klein_deformada,1.0,5.565328160379941,0.7532169665365775
2016-01-01,439466.0,RSAFS,RETAIL_SALES,-45146.072093324794,0.26822391231138326,recession_deformada,0.996,2.3122121930420576,-0.6753328081210022
2016-02-01,443117.0,RSAFS,RETAIL_SALES,-42731.8397971348,0.25388036476257403,klein_deformada,1.0,5.342281532883874,0.5890579340052499
2016-03-01,441856.0,RSAFS,RETAIL_SALES,-45229.60750094475,0.26872021670309276,klein_deformada,1.0,1.893677221040356,-0.31729989830712924
2016-04-01,444254.0,RSAFS,RETAIL_SALES,-44068.37520475476,0.26182105017222496,klein_deformada,1.0,4.923746560882172,0.2097874630356623
2016-05-01,445490.0,RSAFS,RETAIL_SALES,-44069.14290856471,0.2618256112892802,klein_deformada,1.0,1.572886421291301,-0.002090092974643448
2016-06-01,450237.0,RSAFS,RETAIL_SALES,-40558.91061237472,0.24097045831695635,klein_deformada,1.0,4.602955761133117,-0.10921492805362007
2016-07-01,449789.0,RSAFS,RETAIL_SALES,-42243.67831618473,0.2509800774022588,klein_deformada,1.0,1.252095621542587,0.31333295884971346
2016-08-01,449946.0,RSAFS,RETAIL_SALES,-43323.44601999468,0.2573952427638143,klein_deformada,1.0,4.282164961384176,-0.4170744175660224
2016-09-01,453056.0,RSAFS,RETAIL_SALES,-41450.21372380474,0.24626590920599212,klein_deformada,1.0,1.0290489940465193,0.5156339084854563
2016-10-01,453847.0,RSAFS,RETAIL_SALES,-41895.98142761469,0.24891432471489405,klein_deformada,1.0,3.9613741616354616,-0.6823809404833926
2016-11-01,453892.0,RSAFS,RETAIL_SALES,-43087.7491314247,0.25599490960877985,klein_deformada,1.0,0.7082581942975779,0.7594960928039413
2016-12-01,459305.0,RSAFS,RETAIL_SALES,-38911.51683523471,0.23118288691742248,klein_deformada,1.0,3.640583361886634,-0.8780659950432532
2017-01-01,464412.0,RSAFS,RETAIL_SALES,-35041.28453904466,0.20818888544832337,klein_deformada,1.0,0.3874673945488638,0.9258689598570315
2017-02-01,464284.0,RSAFS,RETAIL_SALES,-36406.05224285467,0.21629730586982598,klein_deformada,1.0,3.4175367343905663,-0.9621684065173794
2017-03-01,463674.0,RSAFS,RETAIL_SALES,-38252.81994666462,0.22726940677867682,klein_deformada,1.0,6.154373557473534,0.9917152314743594
2017-04-01,465276.0,RSAFS,RETAIL_SALES,-37887.58765047463,0.22509947192401128,klein_deformada,1.0,2.9012575901357636,-0.9712582748656259
2017-05-01,462754.0,RSAFS,RETAIL_SALES,-41646.355354284635,0.24743123484906682,recession_deformada,0.996,5.833582757724592,0.9006199085162828
2017-06-01,465130.0,RSAFS,RETAIL_SALES,-40507.123058094585,0.2406627757263349,klein_deformada,1.0,2.580466790386936,-0.8466565311689986
2017-07-01,465089.0,RSAFS,RETAIL_SALES,-41784.89076190465,0.24825430776111726,klein_deformada,1.0,5.5127919579757645,0.7176367898372785
2017-08-01,466020.0,RSAFS,RETAIL_SALES,-42090.6584657146,0.2500709488546068,klein_deformada,1.0,2.2596759906379944,-0.635672728130485
2017-09-01,475724.0,RSAFS,RETAIL_SALES,-33623.42616952461,0.1997650403308577,expansion_relajada,1.009,5.2897453304798105,0.5458107099257886
2017-10-01,476107.0,RSAFS,RETAIL_SALES,-34477.19387333462,0.20483748413610486,klein_deformada,1.0,1.938885190889053,-0.35983296839421525
2017-11-01,480949.0,RSAFS,RETAIL_SALES,-30871.961577144568,0.18341791281046507,expansion_relajada,1.009,4.968954530730983,0.25376002450309193
2017-12-01,483586.0,RSAFS,RETAIL_SALES,-29471.729280954576,0.17509878852757174,expansion_relajada,1.009,1.6180943911402252,-0.047280431180196425
2018-01-01,481414.0,RSAFS,RETAIL_SALES,-32880.496984764526,0.1953511154140958,expansion_relajada,1.009,4.648163730982041,-0.06418110490523429
2018-02-01,484031.0,RSAFS,RETAIL_SALES,-31500.264688574534,0.18715081604768996,expansion_relajada,1.009,1.3950477636442713,0.1748452187447558
2018-03-01,484110.0,RSAFS,RETAIL_SALES,-32658.032392384543,0.194029398583547,expansion_relajada,1.009,4.131884586727125,-0.5484457735171959
2018-04-01,484154.0,RSAFS,RETAIL_SALES,-33850.80009619455,0.20111592472325718,klein_deformada,1.0,0.8787686193893549,0.6380997338145723
2018-05-01,491960.0,RSAFS,RETAIL_SALES,-27281.56780000456,0.16208650077417125,expansion_relajada,1.009,3.8110937869782973,-0.7841313575091169
2018-06-01,490228.0,RSAFS,RETAIL_SALES,-30250.33550381451,0.17972467949797044,expansion_relajada,1.009,0.5579778196405272,0.8483275322751117
2018-07-01,493142.0,RSAFS,RETAIL_SALES,-28573.103207624517,0.16975983012172532,expansion_relajada,1.009,3.4903029872294695,-0.9398141552913875
2018-08-01,493445.0,RSAFS,RETAIL_SALES,-29506.870911434526,0.17530757359292246,expansion_relajada,1.009,0.23718701989158575,0.9720027837033051
2018-09-01,491507.0,RSAFS,RETAIL_SALES,-32681.638615244476,0.19416964895654285,recession_deformada,0.996,3.267256359733402,-0.9921147013144757
2018-10-01,496416.0,RSAFS,RETAIL_SALES,-29009.406319054542,0.17235201416067064,expansion_relajada,1.009,6.199581527322344,0.9965072391224337
2018-11-01,498854.0,RSAFS,RETAIL_SALES,-27808.174022864434,0.16521519779682717,expansion_relajada,1.009,2.946465559984574,-0.9810230351388186
2018-12-01,489113.0,RSAFS,RETAIL_SALES,-38785.94172667444,0.2304368143280434,recession_deformada,0.996,5.878790727573403,0.9193407757032104
2019-01-01,490440.0,RSAFS,RETAIL_SALES,-38695.70943048445,0.22990072207508086,recession_deformada,0.996,2.6256747602356327,-0.8698402612738676
2019-02-01,491751.0,RSAFS,RETAIL_SALES,-38621.47713429446,0.2294596897553083,recession_deformada,0.996,5.655744100077449,0.809532360842816
2019-03-01,499292.0,RSAFS,RETAIL_SALES,-32317.244838104467,0.19200469594968167,expansion_relajada,1.009,2.1093956159809437,-0.5129340858558057
2019-04-01,499343.0,RSAFS,RETAIL_SALES,-33503.01254191436,0.1990496333686205,expansion_relajada,1.009,5.13946495582276,0.41421118593392997
2019-05-01,504741.0,RSAFS,RETAIL_SALES,-29341.780245724367,0.17432672936462876,expansion_relajada,1.009,1.7886048162318886,-0.2160904111766495
2019-06-01,505251.0,RSAFS,RETAIL_SALES,-30068.54794953449,0.178644634950181,expansion_relajada,1.009,4.818674156073705,0.10608517958783933
2019-07-01,509091.0,RSAFS,RETAIL_SALES,-27465.315653344383,0.16317819194056427,expansion_relajada,1.009,1.4678140164829472,0.1028003794629924
2019-08-01,512561.0,RSAFS,RETAIL_SALES,-25232.08335715439,0.14991000988596687,expansion_relajada,1.009,4.497883356324763,-0.2128644086252785
2019-09-01,509282.0,RSAFS,RETAIL_SALES,-29747.8510609644,0.176739295900074,expansion_relajada,1.009,1.244767388987107,0.3202836903177663
2019-10-01,510648.0,RSAFS,RETAIL_SALES,-29618.61876477441,0.17597149505996088,expansion_relajada,1.009,4.177092556575936,-0.5100960211294827
2019-11-01,514215.0,RSAFS,RETAIL_SALES,-27288.386468584416,0.1621270121603991,expansion_relajada,1.009,0.9239765892381655,0.6026515941515257
2019-12-01,515866.0,RSAFS,RETAIL_SALES,-26874.15417239431,0.1596659562603385,expansion_relajada,1.009,3.856301756826994,-0.7552839262446703
2020-01-01,515119.0,RSAFS,RETAIL_SALES,-28857.921876204317,0.17145200784712902,expansion_relajada,1.009,0.6031857894892241,0.8235325976284367
2020-02-01,515330.0,RSAFS,RETAIL_SALES,-29883.689580014325,0.17754634593416863,expansion_relajada,1.009,3.633255129331154,-0.8815492355413991
2020-03-01,468324.0,RSAFS,RETAIL_SALES,-78126.45728382433,0.4641684881107065,crisis_extrema,0.996,0.18465081748752254,0.9830004216177302
2020-04-01,401028.0,RSAFS,RETAIL_SALES,-146659.22498763434,0.65,crisis_extrema,0.996,3.2147201573293387,-0.9973273754346121
2020-05-01,478449.0,RSAFS,RETAIL_SALES,-70474.99269144435,0.41870925605087833,klein_deformada,1.0,6.147045324918054,0.9907472568030798
2020-06-01,518038.0,RSAFS,RETAIL_SALES,-32122.760395254358,0.19084921606569263,expansion_relajada,1.009,2.8939293575802836,-0.969487885783807
2020-07-01,526304.0,RSAFS,RETAIL_SALES,-25093.52809906425,0.14908681903739365,expansion_relajada,1.009,5.826254525169112,0.8974108484542428
2020-08-01,530735.0,RSAFS,RETAIL_SALES,-21899.295802874258,0.13010909974557217,expansion_relajada,1.009,2.573138557831456,-0.8427341883074092
2020-09-01,541302.0,RSAFS,RETAIL_SALES,-12569.063506684266,0.0746758960753878,expansion_relajada,1.009,5.603207897673272,0.7775869232973558
2020-10-01,539114.0,RSAFS,RETAIL_SALES,-15993.831210494274,0.0950232828951022,expansion_relajada,1.009,2.2523477580825144,-0.6299986174457143
2020-11-01,533941.0,RSAFS,RETAIL_SALES,-22403.598914304283,0.13310528850057496,expansion_relajada,1.009,5.282417097924444,0.5396557207047891
2020-12-01,538548.0,RSAFS,RETAIL_SALES,-19033.366618114174,0.11308190994366286,expansion_relajada,1.009,1.931556958333573,-0.3529860039415382
2021-01-01,559230.0,RSAFS,RETAIL_SALES,411.865678075701,0.002446995240070496,expansion_relajada,1.009,4.961626298175503,0.24666491510438765
2021-02-01,544891.0,RSAFS,RETAIL_SALES,-15163.902025734307,0.09009246959162039,expansion_relajada,1.009,1.708510330837619,-0.1372791222411231
2021-03-01,603581.0,RSAFS,RETAIL_SALES,42289.3302704558,0.2512513068849464,expansion_extrema,1.009,4.445347153920814,-0.2638792722317669
2021-04-01,608961.0,RSAFS,RETAIL_SALES,46432.56256664579,0.2758672684640994,expansion_extrema,1.009,1.19223118658293,0.3695875844983974
2021-05-01,605282.0,RSAFS,RETAIL_SALES,41516.794862835784,0.24666148412024239,expansion_extrema,1.009,4.124556354171872,-0.5545587585212199
2021-06-01,611950.0,RSAFS,RETAIL_SALES,46948.027159025776,0.27892977032119,expansion_extrema,1.009,0.8714403868339886,0.6437249493676672
2021-07-01,601817.0,RSAFS,RETAIL_SALES,35578.25945521577,0.2113791854268189,recession_deformada,0.996,3.803765554422931,-0.7886581254546152
2021-08-01,605533.0,RSAFS,RETAIL_SALES,38057.491751405876,0.22610891395421318,recession_deformada,0.996,0.5506495870852746,0.852184811342774
2021-09-01,609671.0,RSAFS,RETAIL_SALES,40958.72404759587,0.24334584821949287,klein_deformada,1.0,3.580718926926977,-0.9051234724970765
2021-10-01,618573.0,RSAFS,RETAIL_SALES,48623.95634378574,0.28888687759209275,klein_deformada,1.0,0.22985878733633314,0.9736985786106737
2021-11-01,624874.0,RSAFS,RETAIL_SALES,53688.18863997585,0.3189747265754955,klein_deformada,1.0,3.2599281271780356,-0.9930065245312931
2021-12-01,619938.0,RSAFS,RETAIL_SALES,47515.42093616584,0.28230079623039955,klein_deformada,1.0,6.192253294766978,0.995868532534928
2022-01-01,631509.0,RSAFS,RETAIL_SALES,57849.653232355835,0.3436990107082561,klein_deformada,1.0,2.9391373274293215,-0.9795758260999684
2022-02-01,638101.0,RSAFS,RETAIL_SALES,63204.88552854583,0.3755157622265512,klein_deformada,1.0,5.969206667271024,0.951112317114273
2022-03-01,651027.0,RSAFS,RETAIL_SALES,74894.11782473582,0.4449643647964354,klein_deformada,1.0,2.422858183174405,-0.7526395976953316
2022-04-01,660194.0,RSAFS,RETAIL_SALES,82824.35012092593,0.4920798243124959,klein_deformada,1.0,5.452927523016108,0.6746855106285179
2022-05-01,659847.0,RSAFS,RETAIL_SALES,81240.58241711592,0.4826702710554553,klein_deformada,1.0,2.1020673834254637,-0.5066296091914533
2022-06-01,666113.0,RSAFS,RETAIL_SALES,86269.81471330591,0.5125501764350042,klein_deformada,1.0,5.132136723267394,0.40753010690445113
2022-07-01,659550.0,RSAFS,RETAIL_SALES,78470.0470094959,0.4662098391336507,klein_deformada,1.0,1.7812765836765223,-0.20892958186499183
2022-08-01,663566.0,RSAFS,RETAIL_SALES,81249.2793056859,0.4827219414083567,klein_deformada,1.0,4.811345923518452,0.09879551660073249
2022-09-01,661854.0,RSAFS,RETAIL_SALES,78300.51160187589,0.46520258760104466,klein_deformada,1.0,1.5582299561805684,0.012566039883321691
2022-10-01,668671.0,RSAFS,RETAIL_SALES,83880.74389806588,0.49835611942982405,klein_deformada,1.0,4.490555123769511,-0.22001891111465863
2022-11-01,659458.0,RSAFS,RETAIL_SALES,73430.97619425599,0.43627148069387833,klein_deformada,1.0,1.237439156431627,0.3272172216702113
2022-12-01,651763.0,RSAFS,RETAIL_SALES,64499.20849044598,0.3832056531193327,recession_deformada,0.996,4.169764324020569,-0.5163854087231431
2023-01-01,680253.0,RSAFS,RETAIL_SALES,91752.44078663597,0.5451238056997841,klein_deformada,1.0,0.9166483566829129,0.6084833217627329
2023-02-01,672152.0,RSAFS,RETAIL_SALES,82414.67308282596,0.4896458323205423,klein_deformada,1.0,3.9467176965246153,-0.6930210948243168
2023-03-01,665071.0,RSAFS,RETAIL_SALES,74096.90537901595,0.44022792968216273,klein_deformada,1.0,0.4003692124279965,0.9209171531359702
2023-04-01,670494.0,RSAFS,RETAIL_SALES,78283.13767520606,0.46509936483176456,klein_deformada,1.0,3.430438552269699,-0.9585732551135877
2023-05-01,673902.0,RSAFS,RETAIL_SALES,80454.36997139594,0.47799918964525007,klein_deformada,1.0,0.07957841267905508,0.9968353087396484
2023-06-01,677117.0,RSAFS,RETAIL_SALES,82432.60226758593,0.4897523540146319,klein_deformada,1.0,3.109647752520985,-0.9994898050369054
2023-07-01,678424.0,RSAFS,RETAIL_SALES,82502.83456377604,0.49016962135110764,klein_deformada,1.0,6.0419729201097,0.9710490734556586
2023-08-01,684755.0,RSAFS,RETAIL_SALES,87597.06685996603,0.520435707709241,klein_deformada,1.0,2.7888569527720435,-0.9384311330470141
2023-09-01,689403.0,RSAFS,RETAIL_SALES,91008.29915615602,0.5407026773449517,klein_deformada,1.0,5.818926292613746,0.8941535949599693
2023-10-01,686148.0,RSAFS,RETAIL_SALES,86516.53145234601,0.5140159812306296,klein_deformada,1.0,2.468066153023102,-0.7816268891057804
2023-11-01,685328.0,RSAFS,RETAIL_SALES,84459.763748536,0.5017962186986598,klein_deformada,1.0,5.498135492865032,0.7073530582776277
2023-12-01,686277.0,RSAFS,RETAIL_SALES,84171.99604472611,0.5000865200300093,klein_deformada,1.0,2.1472753532741606,-0.545075383043148
2024-01-01,680456.0,RSAFS,RETAIL_SALES,77114.2283409161,0.4581545871303418,klein_deformada,1.0,5.1773446931160905,0.44838321609013165
2024-02-01,685280.0,RSAFS,RETAIL_SALES,80701.4606371061,0.4794672160311425,klein_deformada,1.0,1.924228725778434,-0.34612008316933307
2024-03-01,687641.0,RSAFS,RETAIL_SALES,81825.69293329609,0.4861465564665084,klein_deformada,1.0,4.758809721114389,0.04640407063161215
2024-04-01,687602.0,RSAFS,RETAIL_SALES,80549.92522948608,0.47856690692337517,klein_deformada,1.0,1.5056937537765052,0.06505659490207479
2024-05-01,692774.0,RSAFS,RETAIL_SALES,84485.15752567607,0.5019470893710583,klein_deformada,1.0,4.43801892136522,-0.2709406120451376
2024-06-01,692922.0,RSAFS,RETAIL_SALES,83396.38982186606,0.495478452797083,klein_deformada,1.0,1.184902954027791,0.37638696324804916
2024-07-01,699098.0,RSAFS,RETAIL_SALES,88335.62211805617,0.524823646052439,klein_deformada,1.0,4.117228121616506,-0.560641962193832
2024-08-01,697522.0,RSAFS,RETAIL_SALES,85522.85441424616,0.5081123016772419,klein_deformada,1.0,0.8641121542786223,0.6493155951194166
2024-09-01,703079.0,RSAFS,RETAIL_SALES,89843.08671043615,0.5337798637673092,klein_deformada,1.0,3.894181494120552,-0.7299217648727894
2024-10-01,707613.0,RSAFS,RETAIL_SALES,93140.31900662614,0.5533695313790412,klein_deformada,1.0,0.5433213545299083,0.8559963257408708
2024-11-01,712145.0,RSAFS,RETAIL_SALES,96435.55130281614,0.5729473164991246,klein_deformada,1.0,3.5733906943716107,-0.9082147300549339
2024-12-01,717662.0,RSAFS,RETAIL_SALES,100715.78359900613,0.5983772287562169,klein_deformada,1.0,0.22253055478073946,0.975342083224779
2025-01-01,711461.0,RSAFS,RETAIL_SALES,93278.01589519612,0.554187622443287,klein_deformada,1.0,3.252599894622442,-0.9938450205649632
2025-02-01,711757.0,RSAFS,RETAIL_SALES,92337.24819138611,0.5485982902513192,klein_deformada,1.0,6.282669234464599,0.9999998668344794
2025-03-01,722572.0,RSAFS,RETAIL_SALES,101915.48048757622,0.6055049228859493,klein_deformada,1.0,2.7363207503679803,-0.9189952282214494
2025-04-01,721789.0,RSAFS,RETAIL_SALES,99895.71278376621,0.5935049864494812,klein_deformada,1.0,5.766390090209683,0.8694071134627012
2025-05-01,715541.0,RSAFS,RETAIL_SALES,92410.9450799562,0.5490361415828058,klein_deformada,1.0,2.4155299506188115,-0.7477942834394948
2025-06-01,720106.0,RSAFS,RETAIL_SALES,95739.1773761462,0.5688099878150934,klein_deformada,1.0,5.445599290460969,0.6692584353804751
